SC,date,ratio
1301,2016/09/28,0.1
1333,2014/04/01,0.1
1333,2025/12/29,3.0
1379,2001/03/27,1.2
1382,2013/12/26,100.0
1401,2017/03/29,10.0
1407,2011/08/29,1.5
1407,2013/08/28,2.0
1407,2020/02/27,1.3
1407,2021/02/25,1.3
1414,2019/06/26,2.0
1414,2025/12/29,4.0
1429,2014/12/26,5.0
1430,2015/11/26,4.0
1431,2019/12/27,2.0
1431,2020/09/29,2.0
1431,2021/03/30,2.0
1433,2016/01/27,2.0
1433,2017/01/27,3.0
1435,2016/06/28,2.0
1435,2017/12/27,5.0
1436,2026/04/28,3.0
1446,2019/08/29,2.0
1450,2020/09/29,2.0
1450,2025/01/30,2.0
1491,2025/09/29,0.05
1514,2008/10/01,0.2
1515,2016/09/28,0.1
1515,2022/09/29,2.0
1515,2025/09/29,5.0
1518,2016/09/28,0.1
1518,2025/09/29,5.0
1605,2006/04/03,0.0014
1605,2013/09/26,400.0
1662,2024/09/27,5.0
1711,2013/09/26,200.0
1716,2015/06/26,2.0
1716,2020/12/29,2.0
1717,2005/07/26,2.0
1718,2006/12/26,2.0
1718,2017/06/28,0.1
1720,2006/08/04,0.1
1723,2024/12/27,2.0
1723,2026/03/30,4.0
1726,2014/09/26,2.0
1726,2016/09/28,2.0
1736,2025/03/28,3.0
1758,2018/07/27,0.2
1758,2023/07/28,3.0
1762,2016/03/28,2.0
1764,2017/12/27,0.1
1766,2004/06/25,2.0
1770,2000/09/26,2.0
1773,2011/04/26,5.0
1773,2012/06/14,1.0666666666666667
1773,2017/10/24,1.02
1773,2020/10/27,1.0333333333333334
1776,2018/09/26,0.5
1787,2018/09/26,0.5
1788,2017/12/27,0.1
1793,2017/09/27,0.2
1793,2023/09/28,3.0
1793,2025/02/27,2.0
1795,2018/03/28,0.2
1798,2017/09/27,0.2
1798,2026/03/30,5.0
1801,2017/09/27,0.2
1807,2017/09/27,0.2
1807,2024/05/30,2.0
1808,2002/08/02,0.2
1808,2013/09/26,0.2
1811,2017/09/27,0.1
1812,2018/09/26,0.5
1813,2018/09/26,0.1
1814,2014/07/29,0.1
1815,2017/09/27,0.1
1820,2017/09/27,0.2
1822,2018/09/26,0.2
1822,2025/03/28,5.0
1826,2015/09/28,0.2
1827,2004/03/09,0.5
1828,2017/03/29,2.0
1833,2017/09/27,0.2
1844,2003/12/05,0.1
1844,2016/01/27,0.1
1847,2017/09/27,0.2
1847,2026/03/30,2.0
1850,2018/09/26,0.1
1852,2018/09/26,0.1
1852,2022/07/28,2.0
1852,2024/07/30,5.0
1861,2003/08/05,0.2
1861,2017/09/27,0.1
1861,2025/09/29,4.0
1866,2018/09/26,0.1
1866,2025/09/29,4.0
1867,2017/09/27,0.1
1867,2021/03/30,2.0
1878,2025/09/29,5.0
1879,2006/03/28,2.0
1882,2017/09/27,0.1
1882,2023/03/30,2.0
1882,2024/03/28,5.0
1885,2016/09/28,0.1
1885,2024/03/28,4.0
1888,2017/09/27,0.1
1893,2007/08/07,0.5
1897,2018/06/27,0.2
1898,2014/09/26,0.2
1899,2017/06/28,0.2
1904,2016/09/28,0.5
1909,2013/03/27,2.0
1909,2018/09/26,2.0
1909,2026/03/30,4.0
1911,2025/06/27,3.0
1929,2012/09/26,0.25
1930,2021/12/29,1.2
1939,2017/09/27,0.2
1939,2021/09/29,2.0
1939,2024/09/27,3.0
1948,2017/09/27,0.1
1948,2024/03/28,5.0
1951,2024/03/28,2.0
1952,2024/12/27,2.0
1961,2026/04/28,3.0
1964,2017/09/27,0.1
1968,2017/09/27,0.5
1968,2025/09/29,3.0
1969,2025/09/29,2.0
1975,2016/09/28,0.2
1975,2022/03/30,2.0
1975,2024/03/28,2.0
1979,2025/03/28,2.0
1982,2026/03/30,2.0
1992,2017/09/27,0.1
1992,2019/10/30,3.0
1997,2015/02/25,0.1
1997,2016/08/29,2.0
2001,2016/09/28,0.5
2002,2013/09/26,1.1
2002,2014/09/26,1.1
2003,2016/09/28,0.1
2003,2021/09/29,2.0
2003,2026/03/30,4.0
2004,2017/09/27,0.2
2060,2020/09/29,0.2
2108,2016/09/28,0.1
2114,2025/12/29,2.0
2117,2016/02/25,3.0
2120,2008/03/26,2.0
2120,2011/09/28,100.0
2120,2013/12/26,3.0
2120,2015/05/27,2.0
2121,2007/06/26,2.0
2121,2013/03/27,100.0
2121,2014/06/26,5.0
2122,2007/03/27,2.0
2122,2013/03/27,200.0
2124,2012/12/26,10.0
2124,2013/12/26,3.0
2124,2014/12/26,2.0
2124,2023/12/28,4.0
2127,2007/03/27,4.0
2127,2012/03/28,200.0
2127,2014/03/27,3.0
2127,2016/09/28,2.0
2127,2018/03/28,2.0
2127,2021/03/30,2.0
2130,2016/12/28,2.0
2134,2008/09/25,2.0
2134,2009/08/26,3.0
2134,2013/09/26,100.0
2136,2008/03/26,3.0
2136,2013/03/27,100.0
2138,2010/09/28,2.0
2138,2011/02/24,2.0
2138,2013/09/26,100.0
2146,2013/06/26,200.0
2146,2025/12/29,15.0
2148,2007/09/25,2.0
2148,2010/09/28,100.0
2148,2015/11/26,3.0
2152,2013/09/26,4.0
2152,2018/03/28,2.0
2158,2011/09/28,2.0
2158,2012/03/28,2.0
2158,2014/03/27,10.0
2162,2011/03/29,5.0
2162,2013/12/26,100.0
2162,2018/02/26,2.0
2163,2011/01/27,3.0
2163,2017/01/27,2.0
2163,2018/03/28,2.0
2175,2008/09/25,3.0
2175,2009/09/25,2.0
2175,2013/03/27,200.0
2175,2014/12/26,2.0
2175,2018/06/27,2.0
2180,2012/12/06,4.0
2180,2017/05/25,2.0
2180,2019/07/08,2.0
2181,2015/10/26,3.0
2181,2023/09/28,10.0
2183,2015/12/28,2.0
2185,2018/03/28,3.0
2185,2021/09/29,2.0
2186,2011/10/27,2.0
2186,2017/08/29,2.0
2193,2009/11/26,3.0
2193,2010/06/28,2.0
2193,2010/12/28,2.0
2193,2013/04/25,2.0
2193,2015/06/26,3.0
2195,2021/12/29,5.0
2195,2022/09/29,3.0
2198,2012/03/28,2.0
2198,2013/03/27,2.0
2198,2015/04/27,2.0
2201,2016/09/28,0.2
2201,2023/12/28,2.0
2204,2016/09/28,0.1
2206,2014/09/26,0.5
2209,2016/09/28,0.5
2211,2017/06/28,0.1
2215,2017/06/28,0.1
2216,2017/06/28,0.2
2216,2019/06/26,2.0
2216,2022/06/29,2.0
2216,2025/06/27,3.0
2217,2017/07/27,0.1
2217,2022/01/28,2.0
2217,2025/01/30,3.0
2220,2026/03/30,3.0
2221,2024/03/28,2.0
2222,2010/03/29,2.0
2222,2016/03/29,3.0
2222,2023/09/28,5.0
2226,2006/03/28,2.0
2226,2024/03/28,2.0
2229,2013/09/26,4.0
2264,2017/09/27,0.2
2264,2023/11/29,2.0
2267,2023/09/28,2.0
2269,2015/09/28,2.0
2269,2023/03/30,2.0
2281,2018/09/26,0.2
2282,2018/03/28,0.5
2286,2016/09/28,0.1
2288,2018/09/26,0.2
2291,2017/09/27,0.2
2293,2017/09/27,0.2
2296,2023/09/28,0.2
2301,2005/10/26,2.0
2301,2006/10/26,2.0
2303,2011/05/27,2.0
2303,2012/05/29,100.0
2303,2016/05/27,2.0
2303,2026/05/28,2.0
2304,2003/03/26,2.0
2304,2004/09/27,2.0
2304,2013/09/26,100.0
2305,2003/12/25,2.0
2307,2005/03/28,2.0
2307,2022/03/30,2.0
2311,2010/07/28,200.0
2311,2017/12/27,2.0
2315,2005/03/28,5.0
2315,2013/09/26,100.0
2315,2021/04/28,0.1
2317,2013/03/27,100.0
2317,2018/05/29,4.0
2317,2021/11/29,4.0
2321,2004/09/27,4.0
2321,2014/03/27,100.0
2323,2009/01/04,100.0
2323,2025/01/30,2.0
2323,2026/01/28,3.0
2325,2004/06/25,4.0
2325,2012/12/26,100.0
2326,2013/03/27,100.0
2327,2004/06/25,2.0
2327,2015/12/28,2.0
2327,2024/06/27,2.0
2329,2006/03/28,2.0
2329,2024/06/27,3.0
2330,2003/10/28,5.0
2330,2004/05/26,5.0
2330,2014/03/27,10.0
2331,2023/06/29,5.0
2334,2025/11/11,10.0
2335,2010/03/29,2.0
2335,2011/03/29,1.5
2335,2014/09/26,2.0
2337,2004/08/26,5.0
2337,2006/02/23,2.0
2337,2013/08/28,200.0
2338,2013/02/26,100.0
2338,2024/02/28,3.0
2340,2006/12/26,5.0
2341,2005/02/23,3.0
2342,2006/09/29,0.001
2342,2013/03/27,100.0
2344,2026/05/08,1.5189419657843132e-06
2345,2012/09/26,100.0
2345,2018/09/26,2.0
2349,2004/06/25,3.0
2349,2006/09/26,2.0
2349,2018/11/28,3.0
2351,2004/03/26,3.0
2351,2004/09/27,2.0
2351,2013/09/26,100.0
2353,2004/05/26,3.0
2353,2004/09/27,21.0
2353,2014/01/29,100.0
2370,2014/03/27,100.0
2371,2008/06/25,2.0
2371,2011/07/27,200.0
2371,2013/03/27,2.0
2371,2013/08/28,2.0
2373,2004/04/26,2.0
2373,2013/04/25,100.0
2373,2018/10/29,2.0
2373,2021/04/28,3.0
2375,2012/12/26,300.0
2375,2021/03/30,3.0
2379,2004/08/26,5.0
2379,2012/08/29,100.0
2379,2015/08/27,5.0
2384,2011/12/28,100.0
2384,2014/05/28,3.0
2385,2005/06/27,2.0
2385,2013/06/26,100.0
2388,2004/06/25,2.0
2388,2014/03/27,100.0
2391,2005/07/26,2.0
2391,2009/07/28,400.0
2393,2004/07/27,2.0
2393,2006/07/26,2.0
2393,2013/09/26,100.0
2395,2005/09/27,2.0
2404,2013/06/13,200.0
2410,2014/03/27,100.0
2411,2005/01/26,10.0
2411,2013/03/27,200.0
2413,2005/03/28,3.0
2413,2005/09/27,2.0
2413,2011/09/28,2.0
2413,2012/09/26,3.0
2413,2014/03/27,200.0
2413,2018/09/26,2.0
2415,2005/07/26,2.0
2415,2013/09/26,100.0
2418,2005/12/27,3.0
2418,2006/12/26,2.0
2418,2010/09/28,3.0
2418,2013/06/26,200.0
2424,2016/10/27,2.0
2424,2016/12/28,2.0
2425,2013/06/26,200.0
2425,2017/09/27,2.0
2428,2012/06/27,100.0
2428,2016/06/28,2.0
2429,2009/12/28,300.0
2432,2005/09/27,3.0
2432,2010/05/27,300.0
2433,2013/09/26,10.0
2435,2013/12/26,2.0
2436,2018/06/27,3.0
2436,2022/10/28,2.0
2437,2005/05/26,3.0
2437,2006/08/28,3.0
2437,2013/11/27,100.0
2438,2012/04/25,100.0
2438,2014/10/29,4.0
2440,2011/03/29,100.0
2440,2014/03/27,2.0
2445,2013/03/27,2.0
2445,2014/12/26,2.0
2454,2006/03/28,2.0
2454,2013/09/26,100.0
2459,2006/01/26,4.0
2459,2012/11/28,100.0
2461,2006/02/23,5.0
2461,2012/12/26,100.0
2461,2013/04/25,2.0
2461,2013/09/26,2.0
2461,2014/03/27,2.0
2462,2006/02/23,3.0
2462,2011/05/27,200.0
2462,2017/08/29,2.0
2464,2013/09/26,200.0
2469,2017/03/29,2.0
2471,2012/11/28,100.0
2471,2018/02/26,5.0
2471,2019/09/27,5.0
2475,2013/03/27,200.0
2475,2014/12/26,2.0
2477,2013/06/26,100.0
2477,2015/06/26,2.0
2479,2011/03/29,2.0
2479,2013/03/27,200.0
2480,2006/12/29,3.0
2483,2013/03/27,100.0
2483,2018/03/28,2.0
2484,2007/08/28,3.0
2484,2013/02/26,100.0
2484,2014/04/16,2.0
2484,2017/02/24,4.0
2485,2013/09/26,2.0
2485,2014/09/26,2.0
2488,2007/07/26,3.0
2488,2013/03/27,100.0
2489,2006/09/26,5.0
2489,2013/09/26,500.0
2491,2006/12/26,2.0
2491,2013/06/26,100.0
2491,2013/09/26,2.0
2492,2012/12/26,200.0
2492,2013/06/26,2.0
2492,2013/12/26,2.0
2492,2014/12/26,2.0
2492,2016/12/28,2.0
2492,2019/12/27,2.0
2493,2013/05/29,100.0
2497,2007/03/27,3.0
2497,2011/09/28,100.0
2497,2023/05/30,2.0
2498,2025/09/29,2.0
2499,2013/06/26,100.0
2501,2016/06/28,0.2
2501,2025/12/29,5.0
2502,2024/09/27,3.0
2540,2015/09/28,0.5
2573,2018/06/27,0.2
2573,2023/06/29,2.0
2585,2024/09/27,4.0
2588,2013/09/26,3.0
2590,2024/01/18,2.0
2593,2006/02/23,2.0
2593,2007/08/28,1.3
2597,2003/09/25,1.3
2602,2017/09/27,0.2
2602,2026/03/30,3.0
2612,2026/03/30,3.0
2613,2016/09/28,0.1
2613,2021/03/30,2.0
2652,2009/03/31,300.0
2652,2015/03/27,6.0
2652,2024/03/28,5.0
2652,2024/04/26,5.0
2654,2017/09/27,0.1
2656,2010/03/29,2.0
2656,2012/09/26,100.0
2659,2013/08/28,2.0
2659,2024/08/29,2.0
2664,2004/03/10,2.0
2667,2004/05/26,2.0
2667,2005/05/26,2.0
2667,2014/03/27,100.0
2670,2005/09/27,2.0
2670,2023/08/30,3.0
2673,2004/09/27,2.0
2676,2025/05/29,2.0
2678,2005/11/15,2.0
2678,2021/05/19,2.0
2681,2004/03/26,2.0
2681,2006/03/28,2.0
2681,2013/09/26,100.0
2683,2013/08/28,0.2
2685,2003/02/25,1.5
2685,2004/06/25,1.5
2685,2016/02/25,2.0
2687,2004/08/24,3.0
2687,2012/05/29,2.0
2687,2016/08/29,0.1
2694,2005/09/27,2.0
2694,2006/10/26,3.0
2695,2006/04/25,2.0
2695,2010/04/27,200.0
2695,2021/04/28,2.0
2695,2026/04/28,2.0
2698,2013/05/29,100.0
2700,2018/06/27,0.2
2700,2025/06/27,5.0
2721,2013/12/26,100.0
2722,2007/05/28,2.0
2722,2013/05/29,100.0
2722,2017/11/28,2.0
2722,2018/03/28,2.0
2726,2005/02/23,1.1
2726,2005/10/26,1.2
2726,2007/02/23,1.2
2726,2013/02/26,2.0
2726,2020/02/27,2.0
2726,2023/08/30,2.0
2726,2025/08/28,2.0
2726,2025/09/09,2.0
2733,2015/07/29,0.2
2733,2023/12/28,2.0
2735,2009/12/28,200.0
2735,2013/02/26,2.0
2736,2018/02/26,0.1
2736,2025/02/27,3.0
2742,2006/02/23,2.0
2747,2018/08/29,0.2
2749,2011/05/27,2.0
2749,2013/06/26,5.0
2751,2003/04/24,2.0
2751,2004/04/26,2.0
2751,2013/10/29,300.0
2752,2004/06/25,2.0
2752,2005/12/27,2.0
2752,2014/03/27,200.0
2752,2017/06/28,2.0
2752,2019/12/27,2.0
2753,2003/03/26,2.0
2753,2003/09/25,3.0
2753,2013/09/26,100.0
2753,2024/09/27,3.0
2760,2003/09/25,2.0
2760,2004/07/27,2.0
2760,2013/09/26,100.0
2760,2023/09/28,3.0
2762,2004/10/26,2.0
2762,2013/12/26,100.0
2763,2003/11/25,5.0
2763,2013/09/26,100.0
2763,2015/09/28,3.0
2764,2011/07/27,2.0
2764,2013/02/26,300.0
2767,2003/09/25,5.0
2767,2004/07/12,2.0
2767,2012/09/26,100.0
2767,2023/03/17,2.0
2768,2021/09/29,0.2
2769,2003/08/26,2.0
2769,2006/05/26,2.0
2769,2011/09/28,2.0
2769,2013/11/27,100.0
2776,2013/07/29,100.0
2782,2012/03/28,500.0
2782,2017/03/29,2.0
2784,2014/09/26,4.0
2788,2014/03/27,100.0
2789,2005/02/23,2.0
2792,2006/02/23,1.5
2796,2009/11/26,3.0
2796,2011/11/28,3.0
2796,2013/11/27,100.0
2798,2004/05/26,3.0
2798,2014/02/26,100.0
2801,2024/03/28,5.0
2802,2025/03/28,2.0
2804,2007/07/05,9.0
2804,2016/09/28,0.1
2804,2019/07/30,2.0
2805,2013/09/26,0.2
2805,2018/11/28,2.0
2805,2025/03/28,2.0
2813,2017/09/27,0.1
2813,2023/09/28,3.0
2815,2001/09/25,1.25
2831,2018/09/26,0.5
2871,2016/09/28,0.5
2871,2025/03/28,2.0
2872,2017/08/29,0.1
2872,2023/02/27,3.0
2882,2012/03/28,3.0
2882,2017/12/27,2.0
2884,2018/01/29,5.0
2892,2017/09/27,0.2
2897,2023/12/28,3.0
2904,2015/03/27,2.0
2908,2006/03/28,1.2
2910,2016/04/26,2.0
2911,2018/09/26,0.2
2914,2006/03/28,5.0
2914,2012/06/27,200.0
2923,2017/04/26,1.05
2924,2013/06/26,1.5
2926,2003/12/25,3.0
2926,2004/09/27,5.0
2926,2014/03/27,100.0
2927,2005/08/26,3.0
2927,2011/08/29,10.0
2929,2013/07/29,200.0
2929,2015/01/28,2.0
2930,2015/05/27,2.0
2930,2017/03/29,2.0
2930,2017/10/31,2.0
2930,2018/02/09,3.0
2931,2013/03/27,5.0
2931,2013/09/26,5.0
2932,2024/12/27,3.0
2938,2024/12/27,2.0
2938,2025/06/27,3.0
2970,2020/03/30,3.0
2970,2025/09/29,4.0
2975,2022/11/29,2.0
2981,2025/06/27,2.0
2983,2022/01/28,4.0
2983,2026/01/29,2.0
2991,2022/05/30,2.0
2991,2022/11/29,2.0
2991,2024/10/30,2.0
2991,2025/10/30,2.0
2998,2025/09/29,5.0
3002,2017/09/27,0.1
3002,2025/03/28,2.0
3003,2003/06/25,1.2
3003,2004/06/25,1.2
3003,2005/06/27,1.1
3003,2006/06/27,1.1
3003,2007/06/27,1.1
3004,2017/09/27,0.1
3010,2016/09/28,0.1
3011,2011/09/28,0.1
3011,2016/09/28,0.5
3020,2016/02/25,2.0
3021,2012/05/29,100.0
3021,2014/02/26,2.0
3030,2013/08/28,100.0
3030,2015/02/25,3.0
3030,2017/05/29,3.0
3031,2011/04/26,2.0
3031,2013/04/25,300.0
3031,2015/07/29,3.0
3034,2009/08/26,2.0
3034,2011/09/28,2.0
3034,2012/03/28,100.0
3036,2010/07/28,2.0
3036,2014/07/29,2.0
3036,2017/08/29,2.0
3038,2015/01/28,2.0
3038,2015/10/28,2.0
3038,2018/10/29,2.0
3038,2019/10/30,2.0
3038,2020/10/29,2.0
3040,2013/12/12,2.0
3040,2017/03/29,2.0
3041,2006/12/26,2.0
3041,2013/06/26,200.0
3042,2013/03/27,100.0
3042,2021/03/30,2.0
3045,2018/02/26,2.0
3048,2007/08/28,2.0
3048,2014/02/26,100.0
3053,2013/06/26,100.0
3053,2015/06/26,3.0
3053,2017/08/29,2.0
3054,2010/06/28,300.0
3054,2015/12/28,2.0
3054,2018/06/27,2.0
3058,2011/03/29,2.0
3063,2013/08/28,200.0
3064,2009/05/15,200.0
3064,2010/08/20,2.0
3064,2011/08/11,2.0
3064,2013/04/18,2.0
3064,2015/09/28,2.0
3064,2018/09/26,2.0
3064,2021/03/30,2.0
3065,2017/08/29,0.2
3067,2007/06/26,5.0
3067,2013/09/26,100.0
3069,2012/09/26,100.0
3070,2013/01/29,200.0
3071,2014/01/29,100.0
3071,2014/07/29,5.0
3075,2018/11/13,5.0
3077,2013/06/26,2.0
3079,2008/03/26,2.0
3079,2011/09/28,2.0
3079,2012/09/26,2.0
3079,2014/03/27,2.0
3082,2012/06/27,200.0
3082,2013/06/26,3.0
3082,2013/12/26,2.0
3083,2013/08/28,100.0
3086,2007/09/03,1.4
3086,2014/08/27,0.5
3088,2003/12/25,2.0
3088,2017/12/27,2.0
3088,2023/09/28,3.0
3089,2010/11/26,200.0
3091,2013/06/26,2.0
3091,2015/06/26,2.0
3092,2009/02/24,3.0
3092,2011/01/27,300.0
3092,2016/09/28,3.0
3092,2025/03/28,3.0
3093,2010/02/24,200.0
3093,2014/08/27,2.0
3093,2015/05/27,2.0
3093,2023/02/27,2.0
3097,2010/11/26,3.0
3097,2021/02/25,2.0
3097,2023/02/27,3.0
3101,2017/09/27,0.1
3103,2017/09/27,0.1
3104,2016/09/28,0.1
3104,2026/03/30,3.0
3106,2018/09/26,0.1
3107,2017/09/27,0.1
3107,2021/03/30,5.0
3109,2017/09/27,0.1
3110,2017/09/27,0.2
3111,2018/09/26,0.1
3113,2010/07/29,0.1
3121,2005/09/27,2.0
3121,2010/07/28,0.1
3131,2015/08/27,2.0
3132,2024/09/27,3.0
3133,2017/02/24,2.0
3134,2016/02/25,4.0
3134,2016/10/27,2.0
3135,2015/12/28,2.0
3137,2025/09/29,2.0
3138,2017/08/29,2.0
3139,2019/04/24,2.0
3140,2015/06/26,2.0
3140,2017/05/29,2.0
3143,2025/09/29,3.0
3148,2015/12/11,3.0
3150,2013/12/26,2.0
3150,2017/09/27,1.5
3150,2018/07/27,2.0
3150,2020/08/28,2.0
3154,2011/06/28,3.0
3154,2016/09/28,2.0
3154,2018/03/28,3.0
3157,2017/09/27,1.15
3160,2017/06/28,2.0
3166,2014/08/27,1.5
3168,2018/02/26,2.0
3169,2015/01/28,3.0
3173,2015/12/28,2.0
3174,2013/08/28,2.0
3175,2013/01/29,3.0
3176,2020/01/30,2.0
3179,2014/12/26,2.0
3179,2017/12/27,2.0
3180,2015/04/27,5.0
3180,2023/10/30,2.0
3181,2023/02/27,2.0
3182,2018/03/28,2.0
3182,2018/09/26,2.0
3183,2003/03/26,5.0
3183,2005/03/28,5.0
3183,2009/06/25,100.0
3183,2016/12/28,2.0
3185,2017/06/28,2.0
3186,2013/11/27,3.0
3186,2017/03/29,2.0
3186,2017/11/28,3.0
3187,2014/03/27,5.0
3189,2016/08/29,2.0
3191,2015/06/17,2.0
3191,2018/06/18,2.0
3193,2015/01/28,2.0
3193,2015/07/29,3.0
3195,2016/04/26,4.0
3196,2015/09/28,2.0
3199,2020/09/29,2.0
3204,2015/06/26,0.1
3221,2015/09/28,2.0
3221,2015/12/28,2.0
3231,2025/03/28,5.0
3236,2007/03/27,5.0
3236,2013/11/27,20.0
3237,2013/12/26,200.0
3241,2012/12/26,1000.0
3242,2009/06/25,2.0
3242,2012/06/27,2.0
3242,2013/06/26,200.0
3245,2009/09/25,3.0
3245,2013/03/27,100.0
3245,2014/12/26,2.0
3245,2015/09/28,4.0
3246,2017/01/27,2.0
3248,2009/03/26,2.0
3248,2013/04/25,100.0
3261,2017/06/28,3.0
3266,2009/05/01,100.0
3267,2017/04/12,2.0
3271,2011/01/27,4.0
3276,2012/03/28,2.0
3276,2012/09/26,2.0
3276,2013/03/27,2.0
3276,2014/12/26,2.0
3280,2013/05/29,3.0
3288,2015/06/26,2.0
3288,2019/09/27,2.0
3291,2013/11/01,2.62
3293,2022/03/30,2.0
3294,2014/09/26,4.0
3297,2017/05/29,2.0
3299,2016/06/28,2.0
3300,2016/03/29,2.0
3300,2018/04/23,2.0
3306,2016/09/28,0.1
3317,2025/09/29,2.0
3323,2004/08/26,4.0
3323,2014/03/27,100.0
3326,2004/09/27,3.0
3326,2013/06/26,100.0
3329,2005/04/25,2.0
3329,2015/10/28,2.0
3329,2017/10/27,2.0
3333,2006/07/14,2.0
3333,2009/09/25,2.0
3349,2005/11/25,2.0
3349,2020/05/28,2.0
3349,2024/08/29,2.0
3350,2005/02/23,2.0
3350,2013/02/26,100.0
3350,2019/04/05,0.1
3350,2024/07/30,0.1
3350,2025/03/28,10.0
3352,2005/03/28,4.0
3352,2013/09/26,100.0
3353,2009/11/26,2.0
3353,2012/05/29,100.0
3353,2021/02/25,2.0
3355,2018/12/26,2.0
3358,2005/03/28,5.0
3358,2013/09/26,100.0
3358,2024/09/27,5.0
3359,2018/09/26,3.0
3360,2005/06/27,5.0
3360,2010/09/28,100.0
3360,2021/03/30,2.0
3370,2013/09/26,100.0
3371,2013/06/26,3.0
3371,2023/03/30,2.0
3372,2013/09/26,100.0
3374,2016/09/28,0.5
3375,2013/09/26,100.0
3377,2006/11/27,3.0
3377,2013/05/29,100.0
3382,2024/02/28,3.0
3386,2006/09/26,2.0
3386,2012/12/26,100.0
3387,2006/02/23,2.0
3387,2014/08/27,3.0
3387,2016/02/25,3.0
3387,2020/02/27,2.0
3387,2025/08/28,2.0
3388,2007/03/27,2.0
3391,2014/05/13,2.0
3391,2025/08/28,5.0
3392,2012/03/28,200.0
3392,2013/03/27,2.0
3392,2019/08/29,2.0
3393,2010/09/28,200.0
3393,2015/09/28,2.0
3395,2015/03/27,2.0
3397,2006/09/26,3.0
3397,2009/06/12,3.0
3397,2011/09/28,200.0
3397,2020/03/30,2.0
3399,2013/01/29,100.0
3399,2015/10/28,3.0
3399,2023/08/30,2.0
3399,2024/04/26,2.0
3399,2025/08/28,2.0
3401,2016/09/28,0.2
3409,2017/09/27,0.1
3409,2020/06/04,7.0
3415,2016/02/25,3.0
3415,2016/08/29,2.0
3415,2018/02/26,3.0
3418,2016/01/27,2.0
3418,2019/01/29,2.0
3423,2018/09/26,2.0
3431,2017/09/27,0.1
3431,2023/09/28,2.0
3431,2024/09/27,2.0
3433,2018/02/26,4.0
3435,2007/03/27,2.0
3435,2013/09/26,2.0
3435,2014/12/26,2.0
3436,2007/01/26,2.0
3436,2007/01/31,2.0
3437,2015/09/28,0.1
3437,2020/09/29,2.0
3439,2021/12/29,2.0
3441,2011/07/27,10.0
3443,2009/02/27,0.1
3443,2024/03/28,3.0
3443,2026/03/30,3.0
3444,2014/10/29,3.0
3445,2017/06/28,2.0
3445,2022/12/29,2.0
3452,2015/04/13,3.0
3452,2018/01/12,2.0
3452,2020/03/30,2.0
3454,2017/08/29,2.0
3457,2015/06/26,5.0
3457,2016/03/29,2.0
3457,2018/06/27,2.0
3461,2018/07/27,2.0
3461,2018/12/26,2.0
3465,2017/01/27,2.0
3465,2026/03/30,2.0
3467,2016/09/28,3.0
3467,2017/12/27,2.0
3469,2018/02/06,3.0
3474,2016/12/28,5.0
3475,2017/04/26,2.0
3475,2017/09/27,2.0
3475,2020/10/29,2.0
3475,2022/10/28,2.0
3477,2017/12/27,2.0
3477,2022/09/29,2.0
3479,2017/08/29,7.0
3480,2020/04/28,2.0
3480,2023/10/30,2.0
3482,2017/12/12,2.0
3482,2018/11/27,2.0
3484,2018/01/29,4.0
3484,2019/12/09,2.0
3486,2018/06/06,2.0
3486,2018/10/16,2.0
3486,2025/03/28,2.0
3489,2023/03/30,2.0
3489,2025/09/29,3.0
3491,2018/09/26,2.0
3491,2020/10/29,3.0
3494,2024/01/30,5.0
3495,2023/03/30,2.0
3496,2021/01/28,2.0
3496,2022/12/23,2.0
3496,2025/09/29,2.0
3498,2019/08/29,2.0
3498,2021/08/30,2.0
3498,2025/08/28,2.0
3501,2017/11/28,0.1
3501,2025/02/27,2.0
3513,2018/09/26,0.2
3521,2017/09/27,0.5
3521,2023/09/28,0.5
3524,2016/10/27,0.1
3529,2017/09/27,0.1
3537,2018/11/28,3.0
3538,2017/03/29,2.0
3538,2017/10/27,2.0
3539,2025/10/30,2.0
3541,2017/08/29,2.0
3541,2019/02/26,5.0
3541,2026/04/27,1.818181818181818e-06
3542,2017/03/29,2.0
3544,2005/03/28,2.0
3544,2011/08/11,100.0
3544,2013/08/13,3.0
3544,2021/11/12,3.0
3546,2016/09/01,1.11
3547,2017/05/29,2.0
3547,2017/11/28,3.0
3549,2014/05/16,2.0
3549,2015/05/18,2.0
3549,2023/11/17,3.0
3550,2017/08/29,3.0
3550,2019/05/29,2.0
3551,2017/09/27,0.2
3556,2017/02/24,5.0
3557,2018/02/26,2.0
3558,2018/02/26,2.0
3559,2019/09/27,2.0
3561,2017/09/27,2.0
3562,2018/08/29,2.0
3562,2020/10/29,2.0
3563,2020/03/30,4.0
3565,2017/08/29,2.0
3565,2019/01/29,2.0
3565,2020/07/30,2.0
3565,2026/04/28,3.0
3566,2018/12/26,2.0
3566,2022/12/29,4.0
3577,2017/09/27,0.1
3583,2017/09/27,0.2
3591,2017/09/27,0.5
3593,2018/03/28,2.0
3593,2026/05/15,1.391526023971819e-07
3593,2026/05/18,1.391526023971819e-07
3597,2017/12/27,0.2
3600,2017/09/27,0.2
3607,2015/02/25,2.0
3612,2026/02/26,2.0
3622,2012/12/26,100.0
3623,2013/06/26,100.0
3623,2017/12/27,2.0
3623,2019/06/26,2.0
3624,2013/03/27,100.0
3625,2013/07/29,100.0
3625,2014/03/27,2.0
3626,2020/03/30,3.0
3627,2010/05/27,3.0
3627,2013/08/28,100.0
3628,2009/09/25,2.0
3628,2021/09/29,3.0
3632,2009/09/25,2.0
3632,2010/09/28,5.0
3633,2015/04/27,2.0
3633,2019/03/27,2.0
3634,2009/12/28,2.0
3635,2015/09/28,1.2
3635,2018/09/26,1.2
3635,2021/03/30,1.3
3635,2022/09/29,2.0
3639,2010/12/28,3.0
3640,2012/03/28,2.0
3640,2012/09/26,2.0
3641,2013/09/26,2.0
3641,2016/03/29,2.0
3641,2017/03/29,2.0
3645,2021/05/28,2.0
3646,2011/08/29,4.0
3647,2011/03/01,100.0
3647,2018/02/26,0.2
3647,2019/02/26,0.2
3648,2013/12/26,2.0
3648,2017/09/27,2.0
3648,2017/10/27,2.0
3649,2012/09/26,2.0
3649,2013/12/26,2.0
3649,2015/03/27,3.0
3653,2015/04/27,3.0
3656,2012/01/27,5.0
3657,2013/01/04,2.0
3657,2014/01/06,2.0
3657,2018/12/26,2.0
3659,2018/03/28,2.0
3660,2012/06/27,2.0
3660,2015/09/28,2.0
3660,2016/01/27,2.0
3661,2012/07/27,2.0
3661,2012/12/26,2.0
3661,2021/12/29,4.0
3661,2025/12/29,2.0
3662,2012/05/29,3.0
3662,2015/04/27,2.0
3663,2021/06/29,4.0
3664,2013/05/29,2.0
3665,2013/07/29,2.0
3665,2014/07/29,5.0
3665,2019/07/30,2.0
3667,2013/09/26,2.0
3668,2013/05/29,5.0
3668,2013/09/26,3.0
3671,2019/06/26,3.0
3671,2025/06/27,4.0
3672,2013/12/11,2.0
3673,2016/12/14,2.0
3673,2018/03/28,2.0
3674,2013/09/26,5.0
3675,2013/02/13,2.0
3675,2014/05/28,3.0
3676,2008/09/25,3.0
3676,2012/06/27,100.0
3676,2012/09/26,2.0
3676,2016/09/28,2.0
3678,2014/02/26,2.0
3678,2014/11/26,2.0
3679,2017/12/27,2.0
3680,2014/02/26,5.0
3681,2014/12/26,2.0
3681,2015/12/28,2.0
3682,2018/03/28,2.0
3683,2014/09/26,3.0
3683,2020/12/29,2.0
3686,2014/05/13,3.0
3687,2014/07/29,5.0
3687,2018/03/28,5.0
3690,2015/05/27,2.0
3692,2014/12/03,4.0
3694,2015/03/27,4.0
3694,2017/03/29,2.0
3694,2019/03/27,2.0
3694,2020/03/30,2.0
3696,2014/12/26,2.0
3697,2015/01/28,5.0
3697,2025/01/22,15.0
3698,2015/03/27,3.0
3708,2016/09/28,0.1
3708,2025/09/29,3.0
3712,2007/09/25,2.0
3712,2013/09/26,100.0
3712,2026/03/30,5.0
3719,2006/06/27,2.0
3723,2004/03/26,2.0
3723,2005/06/27,5.0
3723,2013/03/27,100.0
3726,2004/01/27,10.0
3726,2013/03/27,10.0
3727,2005/08/26,3.0
3727,2011/12/15,100.0
3741,2016/09/28,2.0
3741,2025/09/29,2.0
3744,2013/06/26,100.0
3747,2006/03/28,3.0
3747,2013/03/27,100.0
3750,2013/09/26,0.01
3750,2018/01/29,5.0
3753,2013/09/26,100.0
3758,2013/06/26,100.0
3758,2017/06/28,2.0
3760,2013/11/27,100.0
3762,2013/03/27,200.0
3762,2017/02/24,2.0
3762,2020/06/29,2.0
3763,2016/09/28,2.0
3763,2019/01/29,2.0
3763,2025/09/29,2.0
3765,2005/08/26,5.0
3765,2013/03/27,10.0
3765,2013/06/26,10.0
3765,2013/12/26,100.0
3765,2019/06/26,0.1
3768,2005/09/27,3.0
3768,2012/09/26,100.0
3768,2021/03/30,2.0
3769,2005/09/27,4.0
3769,2012/06/27,200.0
3769,2014/09/26,2.0
3769,2018/09/26,2.0
3771,2006/09/26,2.0
3771,2016/03/29,2.0
3771,2019/09/27,2.0
3771,2024/03/28,2.0
3772,2014/03/27,100.0
3772,2019/03/27,2.0
3772,2022/09/29,2.0
3773,2013/09/26,100.0
3774,2012/09/26,200.0
3774,2020/12/29,2.0
3774,2022/09/29,2.0
3776,2005/09/27,5.0
3776,2013/03/27,500.0
3777,2013/12/26,20.0
3778,2011/09/28,200.0
3778,2015/08/27,4.0
3779,2011/07/20,0.1
3787,2013/09/26,100.0
3788,2006/06/27,2.0
3788,2014/03/27,100.0
3791,2006/02/23,3.0
3791,2013/11/27,100.0
3791,2024/05/30,4.0
3793,2011/09/28,5.0
3793,2014/03/27,100.0
3793,2017/03/29,2.0
3796,2013/09/26,100.0
3796,2026/03/30,2.0
3798,2007/03/27,4.0
3798,2013/09/26,100.0
3798,2025/09/29,10.0
3800,2014/12/26,2.0
3802,2021/03/30,2.0
3803,2013/09/26,200.0
3804,2018/04/25,2.0
3804,2026/04/28,3.0
3807,2013/06/26,100.0
3807,2014/06/26,5.0
3810,2013/11/27,100.0
3815,2010/08/27,2.0
3815,2014/02/26,100.0
3815,2015/03/27,2.0
3816,2013/04/25,1.5
3816,2015/01/28,1.5
3816,2016/07/27,1.2
3816,2017/07/27,1.1
3816,2018/07/27,1.1
3816,2019/07/30,1.1
3816,2020/07/30,1.2
3823,2014/02/26,100.0
3825,2013/09/26,100.0
3825,2015/07/29,5.0
3826,2012/08/29,200.0
3826,2013/07/29,2.0
3826,2018/11/28,2.0
3835,2013/03/27,400.0
3835,2017/09/27,2.0
3835,2019/03/27,2.0
3835,2020/03/30,2.0
3836,2010/06/28,200.0
3836,2013/10/29,2.0
3836,2016/11/28,2.0
3836,2017/10/27,2.0
3836,2019/11/28,2.0
3837,2008/03/26,2.0
3837,2013/12/26,3.0
3837,2016/09/28,2.0
3837,2025/03/28,2.0
3839,2013/09/26,100.0
3840,2014/03/27,100.0
3841,2013/03/27,100.0
3841,2022/03/30,2.0
3842,2013/06/26,100.0
3843,2007/11/27,3.0
3843,2012/04/25,400.0
3844,2012/03/28,300.0
3844,2017/09/27,3.0
3844,2019/09/27,2.0
3845,2011/02/04,4.0
3845,2013/09/26,100.0
3848,2013/09/26,200.0
3848,2023/01/30,2.0
3850,2013/03/27,200.0
3851,2013/03/27,200.0
3853,2011/06/28,200.0
3854,2009/08/03,300.0
3854,2013/07/29,2.0
3854,2018/07/27,2.0
3854,2019/10/30,2.0
3856,2013/12/26,100.0
3856,2022/08/30,3.0
3858,2013/09/26,100.0
3864,2016/09/28,0.1
3877,2017/09/27,0.1
3878,2018/09/26,0.2
3895,2006/03/28,2.0
3901,2017/06/06,4.0
3902,2015/06/26,4.0
3902,2016/06/28,2.0
3902,2017/04/26,2.0
3902,2018/04/25,2.0
3902,2026/04/24,2.7572489107832836e-07
3904,2016/06/28,2.0
3908,2016/11/28,2.0
3908,2018/02/26,3.0
3909,2016/03/29,2.0
3909,2016/07/27,2.0
3910,2015/07/29,5.0
3910,2018/03/28,2.0
3912,2016/09/28,2.0
3912,2017/06/28,2.0
3914,2015/12/28,2.0
3915,2016/05/27,2.0
3915,2018/02/26,2.0
3915,2019/04/24,2.0
3916,2016/09/28,2.0
3916,2018/03/28,2.0
3916,2025/12/29,2.0
3917,2017/04/26,2.0
3918,2016/03/29,2.0
3918,2020/03/30,2.0
3920,2015/11/26,4.0
3921,2016/01/27,3.0
3921,2017/06/28,2.0
3921,2017/11/13,2.0
3922,2018/02/26,2.0
3922,2020/08/03,2.0
3923,2016/09/28,2.0
3923,2018/03/28,2.0
3923,2019/09/27,2.0
3923,2020/09/29,2.0
3923,2025/09/29,2.0
3925,2018/03/28,2.0
3925,2021/09/29,2.0
3926,2016/06/28,2.0
3926,2018/01/29,3.0
3927,2016/06/28,2.0
3928,2016/12/28,2.0
3929,2017/09/27,2.0
3933,2016/09/28,2.0
3933,2020/09/29,2.0
3934,2017/06/28,3.0
3935,2017/08/29,2.0
3936,2021/09/15,5.0
3936,2021/11/01,3.0
3936,2021/12/02,2.0
3937,2016/09/28,2.0
3937,2017/03/29,2.0
3937,2017/09/27,2.0
3939,2016/10/27,2.0
3939,2017/07/27,3.0
3939,2018/03/28,2.0
3939,2019/08/29,3.0
3940,2017/06/28,3.0
3940,2019/07/30,2.0
3940,2020/06/29,2.0
3940,2022/06/29,2.0
3943,2024/09/27,2.0
3944,2017/09/27,0.1
3945,2017/09/27,0.1
3946,2017/09/27,0.2
3947,2017/06/28,0.2
3950,2025/06/27,3.0
3951,2017/12/27,2.0
3954,2016/09/28,0.5
3955,2006/01/26,2.0
3955,2016/07/27,0.5
3962,2018/06/27,2.0
3962,2018/12/26,2.0
3962,2020/08/28,2.0
3962,2020/12/29,2.0
3963,2017/03/29,3.0
3963,2018/03/28,3.0
3964,2025/03/28,2.0
3964,2026/03/30,2.0
3965,2017/03/29,2.0
3965,2019/02/26,2.0
3967,2017/05/29,2.0
3968,2017/03/29,2.0
3968,2017/09/27,2.0
3968,2019/11/28,2.0
3968,2024/02/28,3.0
3969,2017/12/13,3.0
3970,2017/06/28,2.0
3974,2021/04/28,3.0
3976,2021/04/28,2.0
3979,2021/09/29,2.0
3979,2025/09/29,4.0
3983,2017/07/27,2.0
3983,2019/05/29,2.0
3984,2019/06/26,2.0
3984,2021/06/29,2.0
3985,2018/03/28,2.0
3985,2018/09/26,4.0
3986,2025/12/29,3.0
3987,2017/10/02,2.0
3987,2018/03/28,3.0
3988,2018/01/29,2.0
3988,2022/01/28,2.0
3988,2024/07/30,2.0
3989,2018/08/01,3.0
3991,2017/11/28,2.0
3992,2018/03/28,2.0
3992,2018/12/26,2.0
3992,2023/05/30,2.0
3992,2024/05/30,2.0
3993,2019/02/26,2.0
3994,2020/11/27,2.0
3996,2018/02/26,4.0
3997,2018/03/28,3.0
3997,2025/09/29,10.0
3998,2020/06/29,5.0
4004,2016/06/28,0.1
4008,2016/09/28,0.2
4008,2026/03/30,5.0
4011,2023/06/29,2.0
4011,2024/12/27,2.0
4012,2021/06/29,2.0
4013,2024/06/27,2.0
4020,2022/06/29,2.0
4022,2017/09/27,0.1
4022,2026/03/30,5.0
4023,2016/09/28,0.1
4023,2023/12/28,3.0
4025,2017/06/28,0.2
4025,2018/12/26,2.0
4027,2017/09/27,0.5
4028,2016/09/28,0.1
4031,2017/09/27,0.2
4041,2018/09/26,0.2
4041,2024/09/27,2.0
4042,2017/09/27,0.5
4043,2017/09/27,0.2
4044,2017/09/27,0.2
4045,2015/06/26,0.5
4046,2017/09/27,0.2
4046,2024/09/27,5.0
4051,2023/01/13,2.0
4054,2020/11/27,2.0
4055,2020/11/27,2.0
4055,2021/11/29,2.0
4058,2020/12/29,2.0
4061,2017/09/27,0.2
4062,2025/12/29,2.0
4063,2023/03/30,5.0
4064,2017/09/27,0.1
4078,2017/09/27,0.2
4082,2017/04/19,5.0
4092,2017/09/27,0.1
4093,2015/09/28,0.2
4093,2023/12/28,5.0
4095,2015/03/27,2.0
4098,2017/09/27,0.1
4100,2017/09/27,0.1
4102,2016/09/28,0.2
4107,2018/06/27,0.2
4107,2025/12/29,10.0
4112,2016/09/28,0.1
4112,2025/03/28,2.0
4113,2017/09/27,0.2
4113,2021/09/29,5.0
4114,2015/09/28,0.2
4114,2024/03/28,4.0
4116,2017/09/27,0.2
4116,2026/03/30,4.0
4118,2018/09/26,0.2
4119,2017/09/27,0.1
4120,2018/09/26,0.1
4169,2021/03/30,2.0
4169,2021/12/29,2.0
4174,2021/09/29,3.0
4182,2016/09/28,0.5
4183,2017/09/27,0.2
4183,2025/12/29,2.0
4186,2023/12/28,3.0
4188,2005/09/30,0.5
4193,2021/06/29,2.0
4198,2024/05/30,3.0
4203,2018/09/26,0.2
4203,2024/03/28,2.0
4208,2017/09/27,0.1
4216,2017/09/27,0.2
4218,2017/09/27,0.5
4221,2018/06/27,0.2
4222,2018/09/26,0.1
4224,2016/09/28,0.1
4228,2016/09/28,0.5
4229,2016/09/28,0.1
4235,2023/03/30,2.0
4237,2005/11/07,3.0
4240,2013/09/26,100.0
4241,2008/03/26,2.0
4241,2013/03/27,1.2
4242,2017/09/27,0.2
4245,2014/04/25,2.0
4245,2017/06/28,2.0
4246,2015/12/28,4.0
4248,2018/12/26,2.0
4251,2022/12/29,2.0
4258,2025/06/27,2.0
4284,2021/09/29,2.0
4286,2004/12/27,2.0
4286,2005/12/27,2.0
4286,2011/12/28,2.0
4286,2012/12/26,100.0
4286,2014/11/26,2.0
4287,2002/01/28,3.0
4287,2004/07/27,3.0
4287,2013/07/29,100.0
4287,2018/07/27,3.0
4288,2014/03/27,100.0
4290,2011/09/28,200.0
4290,2013/09/26,2.0
4290,2016/09/28,2.0
4290,2019/09/27,2.0
4293,2002/05/28,3.0
4293,2003/09/25,2.0
4293,2005/03/28,2.0
4293,2013/09/26,200.0
4293,2016/09/28,5.0
4299,2020/09/29,2.0
4299,2021/02/25,1.2
4301,2009/03/26,1.2
4301,2016/03/29,2.0
4307,2007/03/27,5.0
4307,2015/09/28,1.1
4307,2016/12/28,1.1
4307,2019/06/26,3.0
4308,2013/09/26,100.0
4308,2021/09/29,2.0
4310,2014/03/27,100.0
4316,2013/09/26,100.0
4317,2002/02/25,1.3
4317,2005/08/26,2.0
4320,2011/03/29,100.0
4320,2017/09/27,2.0
4320,2019/09/27,2.0
4323,2022/09/29,2.0
4323,2024/03/28,2.0
4326,2013/09/26,2.0
4326,2017/09/27,2.0
4331,2004/09/27,10.0
4331,2013/09/26,10.0
4334,2005/01/26,2.0
4335,2002/02/28,5.0
4335,2013/12/26,100.0
4343,2005/02/15,1.1
4343,2006/02/15,1.2
4343,2007/02/15,1.2
4344,2007/07/26,2.0
4344,2012/09/26,100.0
4344,2013/08/28,2.0
4344,2018/01/29,2.0
4344,2018/11/28,2.0
4345,2006/02/07,3.0
4345,2010/03/29,2.0
4345,2012/09/26,100.0
4345,2013/12/10,2.0
4345,2014/08/19,2.0
4345,2017/02/24,2.0
4345,2017/07/27,2.0
4346,2013/03/27,10.0
4347,2005/03/28,2.0
4347,2006/03/28,2.0
4347,2021/09/29,0.1
4350,2009/06/25,200.0
4350,2012/03/28,2.0
4350,2012/05/29,2.0
4356,2013/12/26,100.0
4356,2021/12/29,2.0
4361,2018/05/29,0.1
4366,2025/09/29,3.0
4367,2017/09/27,0.2
4368,2014/09/26,5.0
4368,2026/03/30,3.0
4369,2021/01/28,4.0
4371,2022/03/30,2.0
4371,2022/09/29,2.0
4373,2025/11/27,4.0
4377,2025/03/13,3.0
4380,2020/07/30,2.0
4381,2019/03/27,2.0
4382,2018/12/26,2.0
4382,2020/01/30,2.0
4384,2023/01/30,2.0
4386,2018/12/26,3.0
4387,2020/09/29,2.0
4389,2019/03/27,3.0
4389,2025/06/27,2.0
4390,2018/12/26,5.0
4394,2019/05/29,2.0
4394,2026/05/28,2.0
4396,2019/03/27,2.0
4396,2020/05/28,2.0
4396,2025/12/29,2.0
4397,2019/05/29,2.0
4403,2017/09/27,0.5
4403,2024/03/28,3.0
4404,2017/06/28,0.1
4412,2022/11/29,2.0
4413,2023/10/30,2.0
4413,2025/05/29,2.0
4414,2024/03/28,2.0
4415,2023/11/29,2.0
4417,2022/10/28,2.0
4417,2025/05/29,2.0
4420,2019/03/27,4.0
4421,2020/12/29,2.0
4422,2026/01/29,3.0
4424,2020/03/30,2.0
4428,2019/07/30,5.0
4429,2019/08/29,2.0
4430,2019/10/30,2.0
4431,2021/08/30,2.0
4433,2012/04/25,2.0
4433,2013/01/29,2.0
4433,2016/01/27,2.0
4434,2019/08/29,2.0
4434,2020/08/28,2.0
4437,2019/12/27,2.0
4437,2023/06/29,2.0
4438,2019/10/02,4.0
4439,2019/12/27,3.0
4439,2024/08/29,2.0
4439,2025/08/28,2.0
4440,2019/08/29,2.0
4441,2019/10/09,3.0
4442,2023/09/28,3.0
4443,2021/11/29,4.0
4445,2026/05/08,2.0
4446,2020/01/14,3.0
4450,2024/07/30,2.0
4461,2018/09/26,0.2
4462,2021/09/29,2.0
4471,2016/09/28,0.2
4475,2021/12/29,2.0
4477,2021/03/30,5.0
4481,2020/06/08,3.0
4481,2022/09/29,2.0
4482,2020/06/29,4.0
4483,2020/09/29,2.0
4486,2020/08/28,2.0
4486,2025/06/27,2.0
4491,2022/11/24,2.0
4492,2021/08/30,2.0
4492,2023/12/28,3.0
4493,2020/06/29,4.0
4496,2021/03/30,2.0
4498,2023/03/30,2.0
4498,2025/09/29,2.0
4503,2014/03/27,5.0
4507,2024/09/27,3.0
4519,2020/06/29,3.0
4521,2015/09/28,0.5
4524,2001/09/25,1.1
4524,2017/09/27,0.2
4526,2020/03/30,2.0
4527,2022/12/29,2.0
4528,2016/03/29,5.0
4530,2026/05/11,4.2612700579046946e-08
4534,2013/09/26,0.2
4534,2019/03/27,2.0
4536,2015/03/27,5.0
4538,2016/09/28,0.1
4539,2016/09/28,0.1
4543,2014/03/27,2.0
4543,2019/03/27,2.0
4543,2024/03/28,2.0
4548,2004/05/26,1.5
4548,2005/03/28,1.5
4549,2018/03/28,2.0
4552,2020/09/29,4.0
4552,2020/09/30,4.0
4553,2019/03/27,3.0
4554,2018/06/27,2.0
4559,2013/09/26,1.1
4563,2013/06/26,2.0
4563,2013/12/26,100.0
4564,2013/09/26,500.0
4565,2013/03/27,100.0
4565,2018/06/27,4.0
4568,2020/09/29,3.0
4569,2001/09/25,1.5
4570,2013/09/26,10.0
4571,2014/03/27,100.0
4572,2013/12/26,100.0
4574,2009/07/28,3.0
4574,2020/03/30,3.0
4577,2015/03/27,1.1
4577,2023/08/30,1.1
4577,2025/05/29,2.0
4582,2019/06/26,0.25
4583,2012/03/28,2.0
4583,2013/06/26,2.0
4583,2014/03/27,2.0
4584,2016/09/28,2.0
4584,2018/06/27,2.0
4587,2015/06/26,4.0
4587,2017/06/28,2.0
4595,2017/06/28,2.0
4595,2018/05/29,2.0
4595,2024/06/27,2.0
4611,2017/09/27,0.2
4612,2021/03/30,5.0
4616,2017/05/29,0.1
4623,2018/09/26,0.1
4624,2017/09/27,0.2
4626,2007/03/27,2.0
4626,2021/09/29,2.0
4626,2025/11/27,2.0
4628,2018/09/26,0.2
4628,2023/06/29,5.0
4631,2016/06/28,0.1
4634,2018/06/27,0.2
4635,2017/09/27,0.1
4635,2025/12/29,5.0
4641,2017/12/27,2.0
4641,2019/06/26,1.1
4650,2015/03/27,2.0
4658,2014/03/27,2.0
4658,2016/03/29,2.0
4659,2017/03/29,2.0
4661,2015/03/27,4.0
4661,2023/03/30,5.0
4662,2015/09/28,2.0
4666,2002/04/24,3.0
4666,2004/10/26,2.0
4666,2006/10/26,2.0
4673,2018/05/29,0.2
4674,2009/03/26,2.0
4674,2020/01/30,2.0
4674,2024/06/27,2.0
4676,2004/03/26,2.0
4676,2013/09/26,100.0
4680,2009/01/04,100.0
4680,2022/09/29,3.0
4681,2005/09/27,1.2
4681,2007/03/27,1.2
4681,2013/12/26,2.0
4681,2025/03/28,2.0
4684,2013/09/26,10.0
4684,2024/09/27,5.0
4685,2017/09/27,0.2
4685,2020/12/29,5.0
4685,2025/09/29,2.0
4687,2016/03/29,2.0
4687,2018/09/26,2.0
4687,2024/03/28,2.0
4689,2004/03/26,2.0
4689,2004/09/27,2.0
4689,2005/03/28,2.0
4689,2005/09/27,2.0
4689,2006/03/28,2.0
4689,2013/09/26,100.0
4690,2018/09/26,0.1
4690,2021/06/29,2.0
4694,2016/08/29,2.0
4704,2001/03/27,2.0
4705,2003/03/26,1.5
4709,2016/12/28,1.5
4709,2021/06/29,1.5
4709,2026/03/30,2.0
4712,2010/04/27,2.0
4712,2020/08/13,0.1
4714,2002/06/25,4.0
4714,2004/03/26,3.0
4714,2004/09/27,3.0
4714,2005/03/08,5.0
4714,2013/08/28,10.0
4714,2018/11/28,3.0
4718,2019/03/27,2.0
4719,2012/03/28,1.2
4722,2006/01/26,4.0
4722,2013/06/26,100.0
4722,2021/12/29,2.0
4725,2001/12/25,2.0
4732,2013/09/26,10.0
4732,2024/03/28,2.0
4733,2013/09/26,2.0
4733,2018/12/26,2.0
4735,2005/02/23,2.0
4746,2023/12/28,2.0
4751,2001/09/25,2.0
4751,2002/09/25,2.0
4751,2003/09/25,2.0
4751,2004/09/27,2.0
4751,2005/09/27,2.0
4751,2013/09/26,100.0
4751,2016/09/28,2.0
4751,2021/03/30,4.0
4755,2002/06/25,10.0
4755,2004/12/27,10.0
4755,2012/06/27,100.0
4760,2005/02/23,2.0
4760,2018/02/26,0.1
4762,2013/09/26,100.0
4762,2017/03/29,2.0
4763,2004/08/26,2.0
4763,2005/08/26,5.0
4763,2013/02/26,100.0
4765,2005/10/26,2.0
4765,2006/11/27,2.0
4765,2013/06/26,300.0
4767,2015/06/26,2.0
4767,2020/03/30,2.0
4768,2014/06/26,3.0
4768,2018/03/28,2.0
4768,2024/03/28,2.0
4769,2018/09/26,2.0
4771,2005/03/28,3.0
4771,2012/03/28,100.0
4772,2003/03/26,1.1
4772,2017/06/28,0.1
4776,2001/10/12,2.0
4776,2004/10/26,3.0
4776,2006/01/26,5.0
4776,2013/12/26,100.0
4777,2013/09/26,100.0
4783,2004/09/27,2.0
4784,2003/12/25,5.0
4784,2013/11/27,200.0
4792,2005/09/27,2.0
4792,2013/09/26,100.0
4792,2017/09/27,4.0
4800,2004/10/26,3.0
4800,2005/04/25,2.0
4800,2013/03/27,100.0
4809,2005/02/23,3.0
4809,2013/09/26,200.0
4811,2025/12/29,3.0
4812,2002/09/25,2.0
4812,2020/12/29,2.0
4812,2025/12/29,3.0
4813,2006/02/23,3.0
4813,2013/07/29,100.0
4814,2004/01/27,4.0
4814,2005/09/27,4.0
4814,2013/09/26,100.0
4816,2006/07/26,2.0
4816,2018/03/28,3.0
4816,2024/03/28,5.0
4819,2003/12/25,5.0
4819,2006/12/26,2.0
4819,2013/09/26,200.0
4820,2016/03/29,2.0
4820,2018/02/26,2.0
4820,2019/12/27,2.0
4825,2024/11/28,2.0
4825,2026/02/26,2.0
4826,2005/06/27,2.0
4826,2022/03/30,1.2
4826,2023/03/30,2.0
4826,2024/03/28,1.5
4828,2013/06/26,3.0
4828,2022/05/30,2.0
4828,2025/12/29,5.0
4829,2013/11/27,100.0
4832,2001/12/25,5.0
4832,2013/09/26,100.0
4832,2021/03/30,2.0
4832,2025/03/28,2.0
4833,2004/09/27,5.0
4833,2013/09/26,100.0
4838,2005/10/18,4.0
4838,2013/09/26,100.0
4839,2013/09/26,100.0
4839,2015/03/27,2.0
4840,2004/04/26,10.0
4840,2013/06/26,10.0
4845,2004/04/26,6.0
4845,2013/12/26,100.0
4847,2001/12/25,10.0
4847,2006/06/27,2.0
4847,2013/12/26,100.0
4848,2003/09/25,3.0
4848,2004/03/26,2.0
4848,2013/06/26,100.0
4849,2003/06/25,2.0
4849,2003/08/26,3.0
4849,2004/07/27,2.0
4849,2013/09/26,100.0
4849,2016/03/29,2.0
4880,2020/10/29,3.0
4880,2021/10/28,3.0
4887,2024/09/27,3.0
4901,2024/03/28,3.0
4914,2015/09/28,0.2
4914,2025/09/29,5.0
4917,2017/09/27,2.0
4918,2003/03/26,2.0
4918,2004/03/26,2.0
4918,2016/09/28,0.1
4918,2017/03/29,2.0
4919,2005/12/15,1.2
4919,2010/12/16,1.1
4919,2013/12/18,1.2
4919,2017/12/27,2.0
4920,2017/08/29,0.2
4920,2019/02/26,2.0
4922,2005/03/28,1.1
4922,2006/03/28,1.1
4923,2011/03/29,1.1
4923,2012/03/28,1.1
4923,2013/03/27,1.1
4923,2014/03/27,1.1
4923,2015/03/27,1.2
4923,2016/03/29,1.1
4923,2017/03/29,1.1
4923,2018/03/28,1.1
4923,2019/03/27,1.1
4923,2020/03/30,1.1
4923,2021/03/30,1.1
4923,2022/03/30,1.1
4923,2023/03/30,1.1
4923,2024/03/28,1.1
4923,2026/03/30,1.05
4927,2017/03/29,4.0
4929,2013/08/16,2.0
4933,2022/11/29,2.0
4935,2024/06/27,2.0
4935,2025/12/29,5.0
4956,2016/03/29,2.0
4956,2023/12/28,2.0
4958,2001/03/27,2.0
4966,2021/06/29,2.0
4967,2003/09/25,1.5
4967,2016/06/28,2.0
4971,2004/03/26,2.0
4971,2006/03/28,2.0
4972,2025/03/28,2.0
4973,2004/03/26,2.0
4973,2006/03/28,2.0
4973,2014/03/27,100.0
4974,2011/03/29,400.0
4975,2014/09/26,2.0
4975,2017/03/29,2.0
4975,2018/03/28,2.0
4976,2025/12/29,3.0
4978,2013/08/28,5.0
4979,2015/06/26,2.0
4979,2022/02/25,2.0
4980,2024/09/27,3.0
4998,2017/09/27,0.5
5015,2002/06/25,2.0
5019,2013/12/26,4.0
5019,2023/12/28,5.0
5021,2025/09/29,2.0
5028,2023/10/11,3.0
5032,2023/07/28,2.0
5036,2023/03/30,2.0
5038,2023/12/28,2.0
5101,2015/06/26,0.5
5105,2014/06/26,0.5
5108,2025/12/29,2.0
5122,2018/09/26,0.2
5132,2024/04/26,3.0
5137,2025/06/27,6.0
5139,2023/10/31,4.0
5142,2016/09/28,0.1
5161,2025/03/28,2.0
5184,2014/09/26,1.1
5184,2017/12/27,1.3
5189,2018/09/26,0.1
5189,2023/09/28,2.0
5192,2018/09/26,0.5
5195,2016/09/28,0.5
5199,2017/09/27,0.1
5201,2017/06/28,0.2
5202,2016/09/28,0.1
5204,2017/09/15,0.1
5208,2005/03/28,1.1
5210,2018/09/26,0.1
5214,2007/03/27,1.5
5214,2017/06/28,0.2
5218,2007/04/24,2.0
5232,2018/09/26,0.1
5233,2017/09/27,0.1
5233,2023/12/28,2.0
5237,2016/09/28,0.5
5247,2025/03/28,2.0
5248,2024/07/30,6.0
5252,2025/09/29,3.0
5259,2018/03/28,2.0
5261,2017/09/27,0.1
5262,2025/12/29,2.0
5273,2026/03/30,4.0
5279,2017/09/27,0.2
5283,2017/12/27,0.2
5285,2017/09/27,0.1
5285,2020/06/29,5.0
5285,2022/08/30,2.0
5290,2022/06/29,3.0
5290,2025/08/28,2.0
5302,2017/06/28,0.1
5304,2017/09/27,0.1
5304,2023/12/28,5.0
5310,2007/05/28,1.5
5331,2016/09/28,0.1
5331,2024/03/28,2.0
5331,2026/03/30,2.0
5332,2015/09/28,0.5
5341,2018/05/29,0.1
5351,2017/09/27,0.1
5351,2023/09/28,5.0
5355,2018/09/26,0.1
5355,2021/06/29,5.0
5380,2017/12/27,0.1
5380,2022/12/29,2.0
5381,2004/09/27,2.0
5384,2023/06/29,3.0
5391,2017/09/27,0.1
5393,2018/09/26,0.5
5393,2026/03/30,3.0
5401,2015/10/01,0.1
5401,2025/09/29,5.0
5406,2016/09/28,0.1
5408,2016/09/28,0.1
5410,2016/09/28,0.1
5445,2017/09/27,0.2
5445,2026/03/30,3.0
5446,2016/09/28,0.2
5451,2015/09/28,0.2
5451,2025/06/27,5.0
5458,2017/09/27,0.1
5463,2025/09/29,3.0
5464,2016/09/28,0.2
5464,2025/03/28,5.0
5471,2017/09/27,0.1
5471,2023/12/28,5.0
5480,2019/09/27,0.1
5482,2016/09/28,0.1
5482,2025/06/27,4.0
5491,2016/09/28,0.1
5527,2025/07/30,3.0
5532,2025/03/28,2.0
5535,2024/06/27,2.0
5535,2025/02/27,2.0
5535,2025/05/29,2.0
5537,2025/10/09,4.0
5541,2017/09/27,0.1
5542,2024/12/27,2.0
5578,2025/11/27,3.0
5588,2024/04/26,2.0
5602,2016/09/28,0.1
5602,2025/09/29,5.0
5603,2017/09/27,0.1
5609,2017/09/27,0.1
5612,2018/09/26,0.1
5631,2016/09/28,0.2
5632,2017/09/27,0.1
5644,2018/09/26,0.2
5659,2017/09/27,0.2
5659,2024/03/28,5.0
5660,2017/09/27,0.1
5695,2017/09/27,0.2
5698,2017/12/27,2.0
5698,2022/04/18,2.0
5699,2021/12/29,2.0
5703,2020/09/29,0.1
5704,2018/12/26,2.0
5706,2017/09/27,0.1
5707,2017/09/27,0.1
5711,2016/09/28,0.1
5713,2017/09/27,0.5
5714,2017/09/27,0.2
5715,2017/09/27,0.1
5721,2013/09/26,0.1
5724,2021/01/28,2.0
5726,2005/09/27,2.0
5726,2006/09/26,2.0
5727,2006/01/26,2.0
5729,2017/09/27,0.2
5729,2026/03/30,4.0
5741,2017/09/27,0.1
5741,2025/09/29,4.0
5742,2013/03/27,100.0
5753,2016/09/28,0.1
5801,2016/09/28,0.1
5803,2026/03/30,6.0
5805,2017/09/27,0.1
5820,2017/09/27,0.2
5820,2023/04/19,3.0
5821,2016/02/01,2.0
5834,2026/03/30,2.0
5844,2017/09/27,0.2
5844,2023/12/28,4.0
5851,2017/09/27,0.2
5856,2009/07/31,0.1
5857,2021/03/30,2.0
5858,2025/03/28,2.0
5885,2024/11/28,4.0
5892,2024/03/28,3.0
5902,2018/09/26,0.2
5905,2017/09/27,0.1
5915,2016/09/28,0.1
5918,2017/09/27,0.1
5921,2018/03/28,0.2
5922,2017/09/27,0.1
5923,2017/09/27,0.1
5923,2024/09/27,3.0
5939,2017/09/27,0.1
5940,2024/09/27,0.1
5945,2023/09/28,2.0
5947,2023/03/30,3.0
5958,2017/09/27,0.1
5962,2017/09/27,0.1
5965,2018/09/26,2.0
5966,2017/09/27,0.2
5967,2017/11/28,0.2
5967,2022/11/29,5.0
5967,2025/02/27,2.0
5969,2017/09/27,0.1
5969,2022/12/29,2.0
5970,2008/06/25,1.2
5970,2014/03/27,2.0
5971,2017/10/27,0.2
5974,2013/09/26,0.1
5981,2016/09/28,0.1
5983,2016/09/28,0.1
5987,2007/06/26,3.0
5987,2017/12/27,0.1
5988,2017/03/29,3.0
5990,2018/09/12,0.2
5992,2017/09/27,0.1
5992,2021/03/30,4.0
5994,2016/09/28,0.2
5998,2015/09/28,0.1
6005,2014/09/26,3.0
6016,2017/09/27,0.1
6016,2024/09/27,3.0
6018,2017/09/27,0.2
6022,2017/09/27,0.1
6027,2016/09/28,3.0
6029,2015/08/27,3.0
6030,2018/06/27,3.0
6031,2022/01/28,2.0
6031,2023/12/28,2.0
6031,2024/08/29,2.0
6033,2016/07/27,2.0
6033,2018/10/29,2.0
6034,2016/03/29,2.0
6035,2013/11/22,5.0
6035,2018/08/29,2.0
6036,2015/09/28,2.0
6036,2017/06/28,2.0
6036,2020/09/29,2.0
6037,2017/12/27,2.0
6037,2023/07/28,2.0
6039,2025/12/15,5.0
6040,2016/01/27,2.0
6040,2018/10/29,2.0
6040,2025/03/28,3.0
6042,2017/09/27,0.2
6044,2015/11/26,3.0
6045,2015/09/28,3.0
6046,2018/10/29,6.0
6049,2018/10/29,2.0
6050,2015/09/28,3.0
6050,2016/06/28,2.0
6054,2012/06/27,2.0
6054,2013/06/26,2.0
6054,2013/12/26,2.0
6055,2013/03/27,2.0
6055,2014/11/26,3.0
6055,2016/12/28,2.0
6055,2018/02/26,3.0
6058,2014/02/26,3.0
6058,2016/08/29,3.0
6059,2013/12/26,4.0
6061,2015/06/26,2.0
6061,2016/12/28,2.0
6061,2025/12/29,2.0
6062,2016/12/28,2.0
6062,2017/05/29,2.0
6062,2018/03/28,2.0
6062,2019/12/27,2.0
6063,2015/08/27,2.0
6069,2012/12/26,2.0
6069,2018/09/26,2.0
6070,2016/05/27,2.0
6071,2014/03/27,3.0
6071,2014/12/26,2.0
6071,2015/12/28,3.0
6072,2013/03/27,2.0
6072,2013/11/27,2.0
6074,2017/03/29,2.0
6078,2014/08/27,2.0
6078,2017/12/27,2.0
6078,2020/03/30,2.0
6078,2022/03/30,2.0
6080,2014/04/25,3.0
6080,2015/08/27,2.0
6080,2019/11/28,2.0
6081,2017/06/28,3.0
6082,2015/03/27,2.0
6083,2026/05/28,3.0
6085,2025/04/09,3.0
6085,2026/04/22,10.0
6086,2017/10/27,3.0
6086,2020/02/27,2.0
6086,2025/02/27,2.0
6087,2014/12/26,2.0
6088,2014/03/27,4.0
6088,2022/03/30,2.0
6088,2024/11/28,2.0
6089,2014/08/27,2.0
6089,2015/08/27,2.0
6089,2016/11/28,2.0
6093,2015/08/27,5.0
6093,2016/11/28,2.0
6093,2017/11/28,5.0
6094,2016/08/29,2.0
6096,2019/05/29,2.0
6096,2019/12/04,2.0
6098,2017/06/28,3.0
6099,2015/06/26,2.0
6099,2017/09/27,2.0
6099,2018/12/26,2.0
6099,2020/12/29,2.0
6103,2017/09/27,0.2
6103,2024/09/27,2.0
6104,2018/09/26,0.2
6125,2017/09/27,0.1
6135,2018/09/26,0.2
6137,2017/09/27,0.1
6137,2025/03/28,5.0
6138,2017/09/27,0.1
6146,2023/03/30,3.0
6150,2017/11/28,0.1
6156,2012/06/27,100.0
6156,2015/12/28,2.0
6156,2020/06/29,2.0
6157,2005/03/28,2.0
6157,2012/09/26,2.0
6157,2014/09/26,2.0
6157,2016/12/28,2.0
6157,2021/03/30,2.0
6159,2017/08/29,3.0
6161,2013/09/18,100.0
6161,2016/12/16,2.0
6161,2021/12/17,4.0
6165,2017/12/27,2.0
6171,2016/03/29,2.0
6171,2017/09/27,2.0
6181,2016/12/28,3.0
6182,2015/12/28,2.0
6182,2016/08/29,2.0
6184,2016/09/28,4.0
6184,2018/08/29,4.0
6185,2018/03/28,2.0
6185,2018/08/29,2.0
6191,2016/07/27,3.0
6194,2017/03/29,3.0
6194,2018/03/28,3.0
6194,2021/03/30,2.0
6195,2019/12/27,4.0
6196,2016/11/28,3.0
6196,2018/05/29,2.0
6196,2026/03/30,3.0
6197,2018/06/27,3.0
6198,2017/03/29,2.0
6198,2017/12/27,2.0
6199,2017/02/24,4.0
6200,2018/04/25,2.0
6200,2019/08/29,1.25
6200,2020/12/29,2.0
6200,2022/12/29,2.0
6203,2013/07/29,0.1
6208,2016/09/28,0.1
6217,2018/05/29,0.1
6218,2018/09/26,0.1
6226,2026/03/30,2.0
6227,2026/03/30,3.0
6228,2022/12/29,2.0
6228,2024/03/28,3.0
6230,2024/09/27,2.0
6237,2018/06/27,3.0
6238,2017/02/24,3.0
6239,2020/01/30,2.0
6240,2015/03/17,3.0
6240,2015/08/27,2.0
6240,2017/11/28,5.0
6250,2008/12/01,0.1
6250,2015/09/28,4.0
6254,2024/03/28,4.0
6255,2007/08/28,4.0
6255,2009/08/26,2.0
6257,2013/09/26,100.0
6258,2025/03/28,3.0
6264,2007/11/27,2.0
6264,2014/02/26,100.0
6264,2015/08/27,3.0
6264,2017/02/24,2.0
6264,2026/03/30,2.0
6265,2005/03/28,2.0
6265,2018/06/27,0.2
6266,2016/12/28,3.0
6267,2016/01/27,0.2
6268,2003/09/29,0.6
6277,2017/03/29,0.2
6277,2021/09/29,2.0
6279,2020/08/19,4.0
6282,2005/09/27,1.2
6282,2007/03/27,1.2
6282,2008/09/25,1.2
6282,2014/09/26,1.2
6298,2024/12/27,2.0
6302,2017/09/27,0.2
6306,2016/09/28,0.2
6306,2019/09/27,5.0
6309,2025/04/28,3.0
6310,2017/06/28,0.1
6315,2024/09/27,3.0
6316,2017/03/29,0.1
6317,2016/09/28,0.1
6322,2017/03/29,1.2
6323,2000/08/25,2.0
6323,2007/02/23,2.0
6323,2024/08/29,10.0
6324,2003/03/26,3.0
6324,2006/03/28,3.0
6324,2011/03/29,300.0
6324,2014/09/26,3.0
6328,2021/06/29,2.0
6328,2025/12/29,2.0
6330,2017/09/27,0.2
6331,2017/09/27,0.1
6331,2025/03/28,3.0
6333,2014/09/26,2.0
6334,2011/07/27,0.1
6335,2017/09/27,0.1
6342,2017/09/27,0.1
6343,2006/06/05,2.0
6343,2018/09/26,0.1
6346,2018/09/26,0.1
6347,2018/09/26,0.1
6347,2021/06/29,3.0
6351,2025/09/29,2.0
6358,2017/09/27,0.1
6358,2024/09/27,2.0
6360,2017/09/27,0.1
6361,2016/09/28,0.2
6361,2024/06/27,5.0
6365,2007/10/26,3.0
6368,2017/09/27,0.2
6368,2022/09/29,4.0
6369,2017/09/27,0.1
6369,2025/12/29,2.0
6371,2018/09/26,0.2
6371,2024/09/27,3.0
6380,2018/09/26,0.1
6383,2023/03/30,3.0
6387,2011/07/27,1.2
6390,2016/09/28,0.2
6391,2017/09/27,0.1
6392,2017/09/27,0.2
6393,2017/09/27,0.1
6396,2017/09/27,0.1
6402,2013/03/27,1.3
6403,2017/09/27,0.2
6405,2013/03/27,1.2
6405,2022/07/28,2.0
6408,2018/09/26,0.1
6413,2014/12/26,2.0
6413,2024/12/27,2.0
6417,2024/02/28,5.0
6418,2005/01/26,1.5
6419,2004/07/27,2.0
6420,2013/06/26,2.0
6420,2024/12/27,2.0
6424,2017/09/27,0.5
6428,2002/06/25,2.0
6428,2005/03/28,1.5
6432,2006/02/23,2.0
6432,2015/08/27,3.0
6440,2015/06/26,0.2
6444,2017/09/27,0.2
6445,2015/09/28,0.1
6454,2026/03/30,4.0
6457,2004/01/27,2.0
6458,2024/11/28,3.0
6460,2005/09/27,2.0
6463,2025/09/29,2.0
6465,2022/06/29,2.0
6466,2009/01/04,100.0
6474,2018/05/29,0.1
6482,2008/03/26,1.1
6482,2018/03/28,2.0
6484,2017/09/27,0.5
6485,2021/03/30,2.0
6488,2021/03/30,2.0
6492,2017/05/29,0.1
6494,2005/08/02,0.1
6496,2017/11/28,0.2
6501,2018/09/26,0.2
6501,2024/06/27,5.0
6504,2018/09/26,0.2
6505,2016/11/28,0.2
6507,2018/09/26,0.2
6508,2018/09/26,0.2
6513,2017/09/27,0.2
6516,2017/09/27,0.2
6516,2025/09/29,3.0
6518,2007/01/26,2.0
6518,2017/09/27,0.5
6521,2023/02/27,2.0
6522,2021/11/25,4.0
6524,2024/03/28,3.0
6526,2023/12/28,5.0
6532,2022/10/28,10.0
6533,2017/11/28,2.0
6533,2018/08/29,2.0
6535,2023/10/30,3.0
6537,2017/03/29,2.0
6538,2017/01/23,3.0
6538,2017/09/27,2.0
6538,2018/07/25,2.0
6539,2018/09/26,4.0
6543,2022/08/30,2.0
6544,2017/09/27,2.0
6544,2018/09/26,2.0
6544,2020/12/29,2.0
6544,2025/09/29,2.0
6545,2017/09/27,4.0
6548,2017/09/27,2.0
6549,2017/09/27,2.0
6551,2017/12/27,3.0
6552,2018/01/29,2.0
6554,2018/03/02,4.0
6557,2024/09/27,2.0
6563,2020/12/16,4.0
6564,2019/09/12,3.0
6564,2020/01/30,1.3
6564,2021/06/29,2.0
6565,2018/06/27,2.0
6570,2018/08/29,2.0
6572,2018/11/28,5.0
6572,2019/06/26,2.0
6573,2018/08/29,3.0
6573,2023/10/04,3.0
6574,2025/07/31,10.0
6574,2025/08/28,10.0
6577,2019/01/29,2.0
6578,2019/02/26,3.0
6579,2020/09/29,2.0
6580,2021/03/30,2.0
6586,2017/03/29,2.0
6588,2018/09/26,0.2
6590,2018/09/26,0.1
6590,2023/09/28,3.0
6590,2026/02/26,5.0
6592,2014/12/26,2.0
6592,2023/12/28,2.0
6592,2025/12/29,2.0
6594,2005/09/27,2.0
6594,2014/03/27,2.0
6594,2020/03/30,2.0
6594,2020/04/01,2.0
6594,2024/09/27,2.0
6615,2017/05/29,2.0
6616,2015/03/27,4.0
6619,2016/06/28,2.0
6622,2018/09/26,0.2
6625,2011/08/29,0.2
6626,2023/03/30,4.0
6630,2011/02/24,2.0
6630,2017/10/27,10.0
6632,2010/07/28,0.1
6634,2013/05/29,100.0
6635,2020/06/29,2.0
6638,2008/03/26,3.0
6638,2012/03/28,200.0
6638,2015/03/27,2.0
6643,2017/09/27,0.2
6647,2017/09/27,0.1
6648,2013/03/27,100.0
6648,2025/12/29,5.0
6656,2013/10/29,100.0
6658,2006/08/28,2.0
6659,2013/09/26,100.0
6662,2005/10/26,2.0
6662,2009/03/26,4.0
6662,2013/12/26,100.0
6663,2005/09/14,2.0
6668,2013/11/27,100.0
6668,2014/11/26,10.0
6670,2005/12/27,3.0
6670,2011/09/28,100.0
6670,2018/06/27,2.0
6674,2018/09/26,0.2
6675,2017/09/27,0.1
6675,2026/03/30,3.0
6676,2026/03/30,2.0
6677,2004/09/27,3.0
6677,2013/06/26,100.0
6678,2013/09/26,300.0
6694,2021/12/29,2.0
6701,2017/09/27,0.1
6701,2025/03/28,5.0
6702,2018/09/26,0.1
6702,2024/03/28,10.0
6703,2016/09/28,0.1
6706,2017/09/27,0.2
6707,2018/09/26,0.2
6721,2004/01/27,3.0
6721,2014/01/29,100.0
6724,2015/03/27,2.0
6727,2013/05/29,400.0
6730,2009/06/25,100.0
6731,2023/12/27,0.01
6731,2026/03/30,0.1
6736,2006/03/28,2.0
6736,2013/12/26,2.0
6737,2024/09/27,2.0
6745,2026/03/30,3.0
6750,2015/09/28,2.0
6750,2021/03/30,2.0
6753,2017/09/27,0.1
6757,2016/01/15,1.1
6758,2024/09/27,5.0
6762,2021/09/29,3.0
6762,2024/09/27,5.0
6763,2017/09/27,0.2
6769,2001/12/25,3.0
6769,2002/12/25,3.0
6769,2012/12/26,100.0
6771,2018/09/26,0.1
6772,2018/09/26,0.1
6772,2025/12/29,5.0
6775,2018/09/26,0.1
6778,2002/01/28,10.0
6778,2014/01/29,100.0
6785,2015/06/26,2.0
6786,2001/08/28,3.0
6786,2014/01/29,100.0
6787,2004/03/26,2.0
6788,2013/09/26,2.0
6797,2025/03/28,2.0
6798,2018/09/26,0.1
6803,2018/09/26,0.1
6806,2015/03/27,1.1025
6819,2005/04/01,0.1
6819,2011/06/28,0.1
6819,2023/09/28,0.5
6822,2018/09/26,0.1
6835,2004/06/25,10.0
6836,2001/07/05,2.0
6836,2013/09/26,100.0
6836,2025/03/28,3.0
6838,2014/02/26,3.0
6838,2018/09/26,0.1
6840,2018/09/26,0.1
6840,2021/06/29,10.0
6844,2017/09/27,0.1
6845,2018/09/26,2.0
6845,2024/09/27,4.0
6849,2015/03/27,2.0
6849,2024/06/27,2.0
6850,2014/07/29,0.2
6850,2025/09/29,2.0
6857,2006/09/26,2.0
6857,2023/09/28,4.0
6858,2014/06/26,0.5
6861,2006/03/15,1.1
6861,2009/03/16,1.1
6861,2012/03/15,1.1
6861,2017/01/18,2.0
6861,2019/11/19,2.0
6862,2017/09/27,0.2
6869,2005/09/27,2.0
6869,2011/03/29,2.0
6869,2014/03/27,2.0
6869,2024/03/28,3.0
6871,2006/06/27,2.0
6871,2015/09/28,2.0
6874,2012/06/27,1.2
6874,2025/06/27,2.0
6877,2007/03/27,1.5
6888,2004/06/25,5.0
6888,2013/06/26,100.0
6894,2017/09/27,0.1
6898,2017/07/27,0.1
6899,2007/03/27,2.0
6899,2017/09/27,0.2
6901,2017/09/27,0.2
6901,2026/05/15,1.5302218821729152e-06
6902,2023/09/28,4.0
6904,2006/09/26,2.0
6905,2006/05/16,2.0
6908,2017/08/29,2.0
6914,2003/12/25,1.5
6914,2006/12/26,1.3
6914,2018/03/28,2.0
6915,2004/08/26,1.2
6919,2007/03/27,2.0
6919,2016/09/28,0.5
6920,2013/06/26,2.0
6920,2017/03/29,2.0
6920,2019/12/27,2.0
6928,2016/09/28,0.1
6928,2017/09/27,4.0
6942,2017/09/27,0.1
6943,2017/09/27,0.1
6946,2017/09/27,0.1
6946,2024/09/27,5.0
6951,2018/09/26,0.5
6954,2023/03/30,5.0
6955,2018/09/26,0.1
6960,2022/11/29,2.0
6962,2016/09/28,0.2
6962,2021/10/28,4.0
6963,2023/09/28,4.0
6965,2001/03/27,2.0
6965,2015/03/27,2.0
6965,2024/09/27,2.0
6966,2024/07/30,5.0
6969,2017/09/27,0.1
6971,2013/09/26,2.0
6971,2023/12/28,4.0
6977,2017/06/28,0.1
6981,2019/03/27,3.0
6981,2023/09/28,3.0
6982,2017/09/27,0.2
6988,2024/09/27,5.0
6989,2017/09/27,0.1
6993,2012/09/26,0.1
6997,2017/09/27,0.1
6998,2017/09/27,0.1
6998,2023/12/28,2.0
7003,2017/09/27,0.1
7004,2013/09/26,0.2
7011,2017/09/27,0.1
7011,2024/03/28,10.0
7012,2017/09/27,0.1
7012,2026/03/30,5.0
7013,2017/09/27,0.1
7013,2025/09/29,7.0
7018,2017/09/27,0.1
7021,2017/09/27,0.1
7031,2022/10/12,3.0
7033,2019/03/27,3.0
7033,2020/03/30,3.0
7034,2019/06/07,2.0
7034,2020/01/09,2.0
7035,2019/07/30,2.0
7036,2019/08/29,2.0
7036,2021/09/29,2.0
7037,2019/06/26,3.0
7038,2019/09/27,2.0
7038,2020/12/29,2.0
7039,2019/06/26,2.0
7042,2025/03/28,2.0
7044,2020/02/13,2.0
7049,2019/05/29,3.0
7050,2026/01/29,2.0
7059,2021/03/30,2.0
7059,2023/09/28,2.0
7059,2025/09/29,2.0
7060,2019/08/29,2.0
7063,2022/12/29,2.0
7064,2025/07/30,2.0
7065,2019/11/28,5.0
7066,2021/10/12,2.0
7066,2023/07/19,2.0
7068,2020/11/27,4.0
7071,2020/03/30,2.0
7071,2021/12/29,2.0
7071,2022/09/29,2.0
7078,2021/04/09,3.0
7080,2022/06/29,2.0
7080,2023/03/30,2.0
7080,2024/03/28,2.0
7081,2024/12/27,2.0
7082,2025/06/27,2.0
7088,2023/11/29,2.0
7089,2025/12/29,2.0
7091,2021/09/29,3.0
7092,2021/03/30,1.3
7092,2021/09/29,1.2
7092,2026/04/20,2.1956547991524772e-07
7094,2021/01/28,3.0
7095,2024/05/30,4.0
7096,2022/12/29,2.0
7102,2018/09/26,0.1
7105,2026/04/27,4.3548832699668783e-08
7111,2025/09/29,0.06666666666666667
7120,2025/09/29,3.0
7122,2016/09/28,0.1
7126,2023/01/30,2.0
7133,2023/03/30,2.0
7134,2023/03/30,3.0
7135,2023/06/29,2.0
7138,2025/08/28,5.0
7148,2011/03/29,2.0
7148,2011/10/27,3.0
7148,2013/05/29,3.0
7148,2015/03/27,3.0
7161,2020/09/29,0.1
7162,2012/10/01,100.0
7164,2014/02/26,2.0
7164,2025/03/28,2.0
7172,2014/12/26,5.0
7172,2017/08/29,2.0
7175,2021/09/29,2.0
7177,2014/12/24,6.25
7181,2026/03/30,3.0
7183,2016/03/29,3.0
7183,2016/11/28,3.0
7187,2016/09/28,2.0
7187,2017/06/28,2.0
7187,2017/11/28,2.0
7187,2024/02/28,2.0
7189,2016/10/03,0.2
7191,2018/02/26,2.0
7192,2018/03/06,3.0
7192,2020/08/28,2.0
7196,2018/07/27,2.0
7199,2019/03/27,2.0
7199,2022/08/30,3.0
7202,2014/09/26,0.5
7203,2021/09/29,5.0
7203,2021/10/01,5.0
7211,2013/07/29,0.1
7213,2014/03/27,2.0
7215,2014/06/26,3.0
7217,2003/03/26,2.0
7217,2025/09/29,2.0
7218,2006/09/26,2.0
7219,2018/02/26,0.2
7219,2020/08/28,2.0
7220,2004/09/27,2.0
7220,2018/09/26,2.0
7226,2005/09/27,1.5
7231,2016/09/28,0.1
7236,2017/09/27,0.1
7242,2017/09/27,0.1
7242,2024/11/29,2.0
7250,2026/04/13,3.595283793007144e-08
7259,2024/09/27,3.0
7261,2014/07/29,0.2
7265,2018/04/25,0.2
7267,2006/06/27,2.0
7267,2023/09/28,3.0
7267,2023/10/02,3.0
7269,2024/03/28,4.0
7272,2023/12/28,3.0
7273,2017/09/27,0.1
7273,2025/05/29,10.0
7276,2022/09/29,2.0
7284,2014/03/27,2.0
7284,2015/09/28,0.1
7296,2004/09/27,1.5
7296,2006/03/28,2.0
7299,2017/09/27,0.1
7299,2024/03/28,5.0
7305,2017/09/27,0.1
7305,2026/03/30,2.0
7313,2008/03/26,2.0
7313,2021/03/30,2.0
7314,2016/06/28,2.0
7317,2021/09/29,2.0
7317,2023/06/29,4.0
7318,2025/11/27,4.0
7320,2018/12/26,3.0
7320,2025/06/27,2.0
7322,2026/03/30,4.0
7325,2019/03/27,2.0
7327,2024/09/27,2.0
7327,2025/09/29,3.0
7345,2022/03/30,4.0
7352,2021/11/29,2.0
7352,2021/12/06,2.0
7352,2022/08/30,2.0
7352,2024/02/08,2.0
7353,2021/06/29,3.0
7354,2021/12/29,2.0
7359,2023/05/16,2.0
7361,2024/12/27,2.0
7366,2021/09/29,2.0
7367,2022/06/29,2.0
7367,2024/09/27,2.0
7369,2025/03/28,3.0
7373,2021/11/29,2.0
7376,2026/03/30,3.0
7380,2026/03/30,5.0
7381,2025/09/29,10.0
7388,2023/06/29,2.0
7389,2026/03/30,5.0
7409,2025/12/29,3.0
7413,2017/09/27,0.1
7417,2024/03/28,2.0
7419,2004/06/25,2.0
7419,2015/06/26,2.0
7419,2022/09/29,2.0
7419,2025/10/09,3.0
7421,2004/05/26,2.0
7421,2014/02/26,2.0
7422,2018/06/18,0.1
7422,2024/12/19,10.0
7425,2006/06/27,2.0
7425,2017/06/28,0.1
7425,2020/12/29,2.0
7425,2024/06/27,2.0
7426,2017/09/27,0.2
7438,2011/12/28,2.0
7446,2018/03/28,0.2
7447,2004/02/24,2.0
7447,2011/08/29,2.0
7453,2019/08/29,10.0
7453,2025/08/28,2.0
7456,2001/03/27,2.0
7456,2006/02/23,1.1
7456,2007/08/28,1.1
7456,2008/08/26,1.1
7458,2023/03/30,2.0
7461,2005/03/28,3.0
7462,2016/09/28,0.1
7462,2021/06/23,5.0
7463,2015/09/28,2.0
7464,2017/09/27,0.1
7464,2024/03/28,4.0
7466,2020/03/30,2.0
7466,2026/03/30,2.0
7475,2014/07/29,0.2
7476,2008/03/26,1.1
7476,2021/12/29,2.0
7476,2024/03/28,2.0
7477,2017/09/27,0.1
7483,2005/07/05,1.5
7483,2013/03/27,2.0
7494,2006/08/28,1.1
7502,2014/03/27,3.0
7502,2023/09/28,0.2
7504,2004/09/27,2.0
7505,2014/09/26,2.0
7505,2017/03/29,0.1
7505,2020/03/30,2.0
7505,2021/09/29,2.0
7505,2025/09/29,2.0
7508,2019/12/27,2.0
7508,2021/09/29,2.0
7509,2017/09/27,0.2
7515,2018/08/29,0.1
7516,2003/08/26,1.1
7522,2002/03/26,1.5
7532,2003/06/25,2.0
7532,2006/06/27,3.0
7532,2015/06/26,2.0
7532,2019/08/29,4.0
7532,2025/09/29,5.0
7539,2024/09/27,2.0
7545,2002/02/15,1.2
7545,2002/11/15,1.5
7545,2004/02/17,1.2
7545,2005/02/15,1.2
7545,2006/01/17,2.0
7550,2005/03/28,2.0
7550,2006/07/26,2.0
7551,2013/09/26,2.0
7551,2015/09/28,2.0
7552,2011/11/28,2.0
7552,2025/12/29,2.0
7554,2002/03/26,1.5
7561,2021/09/29,2.0
7562,2016/09/28,0.1
7562,2025/09/29,2.0
7564,2007/11/27,2.0
7564,2016/03/29,2.0
7564,2019/03/27,2.0
7565,2018/09/26,0.5
7570,2001/03/27,1.5
7570,2011/09/28,1.1
7570,2019/03/27,1.1
7570,2022/09/29,2.0
7571,2004/12/27,2.0
7575,2015/09/28,2.0
7575,2016/11/28,2.0
7575,2017/12/27,2.0
7578,2017/09/27,0.1
7578,2021/03/30,5.0
7581,2001/08/28,1.3
7581,2002/08/27,1.3
7593,2004/09/27,5.0
7593,2014/03/27,3.0
7595,2004/03/26,2.0
7595,2019/03/27,2.0
7595,2025/09/29,4.0
7599,2013/04/25,10.0
7602,2014/09/26,0.1
7604,2002/09/25,2.0
7604,2007/09/25,2.0
7604,2013/03/27,100.0
7606,2004/03/26,2.0
7606,2006/03/28,2.0
7608,2026/02/26,2.0
7609,2025/12/29,2.0
7610,2013/08/28,100.0
7611,2012/02/27,1.2
7611,2014/02/26,1.2
7611,2015/02/25,1.2
7611,2016/02/25,1.2
7611,2017/02/24,1.2
7611,2018/02/26,1.2
7611,2019/02/26,1.1
7613,2004/12/27,2.0
7613,2007/12/25,2.0
7613,2018/03/28,2.0
7615,2006/03/28,2.0
7615,2009/01/04,100.0
7616,2001/03/27,1.5
7616,2005/03/28,1.5
7616,2006/01/26,1.5
7616,2006/03/28,1.4
7624,2000/09/26,1.1
7624,2004/03/04,0.1
7624,2013/08/28,10.0
7628,2006/03/28,2.0
7628,2025/12/29,2.0
7630,2016/05/27,2.0
7630,2024/02/28,5.0
7636,2015/12/28,1.5
7636,2016/06/28,2.0
7638,2006/06/01,0.1
7638,2019/09/27,0.05
7640,2004/06/25,2.0
7643,2018/03/28,2.0
7649,2004/02/24,2.0
7649,2006/02/23,2.0
7649,2024/02/28,3.0
7673,2019/11/28,2.0
7681,2024/09/27,3.0
7682,2023/07/28,2.0
7683,2023/07/28,2.0
7683,2024/08/29,2.0
7685,2020/12/29,2.0
7685,2024/12/27,2.0
7685,2026/03/30,2.0
7686,2024/09/27,3.0
7687,2024/03/28,3.0
7692,2022/10/28,3.0
7692,2023/03/15,4.0
7692,2023/04/27,3.0
7695,2025/10/30,3.0
7698,2024/09/27,2.0
7702,2017/09/27,0.5
7707,2010/06/28,2.0
7707,2013/12/26,200.0
7709,2001/05/28,2.0
7709,2002/05/28,5.0
7709,2013/09/26,100.0
7716,2014/03/27,5.0
7716,2018/03/28,3.0
7717,2004/03/26,3.0
7717,2014/03/27,100.0
7717,2019/05/29,2.0
7719,2018/08/29,0.1
7721,2017/09/27,0.2
7722,2005/03/28,2.0
7723,2016/09/28,0.1
7723,2022/01/28,3.0
7725,2003/03/27,2.0
7725,2003/11/25,2.0
7725,2013/11/27,100.0
7726,2017/09/27,0.2
7730,2010/02/24,2.0
7730,2015/08/27,3.0
7730,2019/08/29,3.0
7733,2019/03/27,4.0
7734,2024/03/28,2.0
7735,2016/09/28,0.2
7735,2023/09/28,2.0
7735,2026/03/30,2.0
7739,2006/12/26,1.5
7739,2026/04/21,1.603817856330638e-07
7740,2024/06/27,2.0
7740,2025/06/27,4.0
7741,2005/09/27,4.0
7743,2018/06/27,3.0
7744,2025/06/27,3.0
7747,2005/06/27,2.0
7747,2013/12/26,2.0
7747,2015/07/29,2.0
7747,2017/12/27,2.0
7747,2019/06/26,2.0
7749,2006/05/26,2.0
7749,2012/09/26,10.0
7749,2020/03/30,2.0
7751,2006/06/27,1.5
7760,2005/12/27,2.0
7769,2017/09/27,0.1
7774,2014/03/27,200.0
7775,2009/09/25,2.0
7775,2013/06/26,2.0
7775,2014/11/13,2.0
7777,2012/08/29,2.0
7777,2013/05/29,2.0
7779,2014/07/29,5.0
7779,2015/07/29,2.0
7780,2017/12/27,2.0
7780,2021/09/29,2.0
7781,2019/06/26,2.0
7781,2022/06/29,2.0
7782,2017/03/13,3.0
7794,2023/03/30,5.0
7803,2021/09/29,2.0
7803,2022/09/29,2.0
7803,2025/09/29,2.0
7807,2018/02/26,3.0
7809,2023/06/29,3.0
7810,2018/01/29,2.0
7811,2018/02/26,2.0
7813,2018/03/28,4.0
7814,2019/12/27,4.0
7818,2011/08/29,2.0
7818,2013/04/25,2.0
7818,2015/07/29,2.0
7818,2017/02/24,2.0
7818,2025/08/28,2.0
7820,2015/02/25,2.0
7820,2020/03/30,2.0
7821,2010/09/15,2.0
7821,2013/06/28,5.0
7821,2024/06/27,2.0
7823,2007/09/25,3.0
7823,2014/10/29,2.0
7826,2007/04/24,2.0
7826,2010/03/29,2.0
7826,2024/06/27,3.0
7831,2006/03/27,2.0
7831,2017/04/26,0.1
7832,2023/03/30,3.0
7833,2005/11/25,5.0
7833,2013/05/13,200.0
7836,2005/07/26,5.0
7836,2013/09/26,100.0
7837,2006/12/26,2.0
7837,2012/09/26,100.0
7839,2007/12/25,2.0
7839,2020/03/30,2.0
7839,2023/03/30,2.0
7840,2015/09/28,0.2
7844,2005/05/26,2.0
7844,2006/03/28,2.0
7844,2013/09/26,100.0
7846,2007/12/25,5.0
7846,2013/06/26,100.0
7846,2015/06/26,2.0
7847,2002/06/25,2.0
7847,2004/08/26,3.0
7847,2005/08/26,2.0
7847,2012/08/29,100.0
7849,2007/06/26,2.0
7849,2013/12/26,100.0
7849,2022/12/29,2.0
7856,2017/10/27,2.0
7860,2001/09/25,2.0
7864,2005/03/28,1.2
7864,2016/12/28,2.0
7867,2005/09/27,2.0
7868,2023/11/29,5.0
7874,2017/03/29,2.0
7874,2018/09/26,2.0
7875,2026/03/30,2.0
7877,2018/09/26,0.2
7878,2017/07/27,0.1
7878,2023/10/30,2.0
7878,2024/10/30,2.0
7883,2005/09/27,2.0
7886,2018/09/26,0.1
7887,2017/09/27,0.1
7887,2026/03/30,5.0
7888,2005/05/26,3.0
7893,2006/03/28,2.0
7896,2017/09/27,0.1
7896,2020/09/29,3.0
7898,2017/09/27,0.2
7901,2017/10/27,0.1
7901,2023/10/30,3.0
7906,2017/03/29,4.0
7908,2006/09/26,2.0
7908,2014/03/27,2.0
7911,2018/09/26,0.5
7912,2017/09/27,0.5
7912,2024/09/27,2.0
7914,2017/09/27,0.1
7914,2025/03/28,4.0
7916,2017/09/27,0.1
7917,2025/09/29,4.0
7927,2004/09/27,1.1
7932,2017/09/27,0.2
7936,2024/06/27,4.0
7938,2017/09/27,0.1
7946,2017/09/27,0.1
7946,2026/03/05,5.0
7947,2014/03/27,2.0
7947,2020/09/29,2.0
7949,2024/09/27,2.0
7951,2024/09/27,3.0
7952,2014/09/26,0.1
7956,2013/07/29,2.0
7956,2015/04/27,3.0
7957,2017/06/28,0.1
7962,2004/06/15,2.0
7965,2007/11/15,3.0
7974,2022/09/29,10.0
7975,2016/08/29,0.1
7975,2021/11/29,2.0
7976,2017/06/28,2.0
7979,2024/09/27,2.0
7981,2016/09/28,0.5
7983,2018/04/25,0.2
7984,2025/06/27,4.0
7985,2018/09/26,0.1
7986,2018/06/27,0.1
7987,2017/09/27,0.5
7988,2018/03/28,2.0
7990,2015/09/28,0.1
7990,2021/09/29,2.0
7991,2016/09/28,0.1
7992,2017/06/28,0.1
7995,2016/09/28,0.2
7997,2017/05/29,0.1
7999,2017/09/27,0.1
8001,2025/12/29,5.0
8006,2017/09/27,0.1
8006,2025/09/29,4.0
8007,2017/09/27,0.1
8007,2023/09/28,4.0
8007,2025/09/29,2.0
8011,2017/06/28,0.1
8012,2026/03/30,4.0
8013,2017/07/27,0.1
8014,2012/09/26,0.1
8015,2024/06/27,3.0
8020,2017/09/27,0.2
8020,2025/12/29,2.0
8022,2017/09/27,0.2
8022,2025/03/28,3.0
8025,2017/09/27,0.1
8029,2018/06/27,0.2
8030,2017/09/27,0.1
8031,2024/06/27,2.0
8032,2017/09/27,0.1
8032,2024/09/27,10.0
8035,2023/03/30,3.0
8039,2016/09/28,0.1
8040,2018/06/27,0.2
8041,2017/09/27,0.1
8043,2015/09/28,0.1
8043,2021/03/30,2.0
8043,2025/03/28,3.0
8046,2017/09/27,0.1
8046,2026/03/30,5.0
8050,2017/09/27,0.2
8050,2026/03/30,2.0
8052,2017/09/27,0.2
8052,2024/03/28,3.0
8057,2017/01/18,0.2
8057,2026/01/19,5.0
8058,2023/12/28,3.0
8059,2017/09/27,0.2
8059,2023/09/28,3.0
8060,2026/03/30,2.0
8061,2017/09/27,0.2
8061,2025/09/29,3.0
8066,2021/09/29,4.0
8074,2014/09/26,0.1
8075,2016/09/28,0.1
8075,2025/03/28,3.0
8078,2017/09/27,0.2
8078,2026/03/30,5.0
8084,2017/09/27,0.5
8085,2018/09/26,0.2
8086,2011/09/28,2.0
8088,2017/09/27,0.2
8088,2024/09/27,4.0
8089,2017/09/27,0.1
8091,2017/09/27,0.1
8091,2023/12/28,2.0
8093,2018/09/26,0.2
8093,2022/08/30,2.0
8101,2017/09/27,0.1
8101,2021/03/30,2.0
8104,2018/06/27,2.0
8105,2016/09/28,0.5
8107,2017/09/27,0.1
8111,2015/09/28,0.2
8111,2018/03/28,2.0
8111,2019/09/27,2.0
8111,2025/09/29,3.0
8113,2010/09/28,3.0
8113,2014/09/26,3.0
8113,2024/12/27,3.0
8115,2015/09/28,0.2
8117,2025/03/28,3.0
8119,2013/09/26,0.2
8119,2024/09/27,4.0
8123,2018/09/26,0.1
8130,2015/03/27,2.0
8132,2016/09/28,0.2
8136,2024/03/28,3.0
8136,2026/03/30,5.0
8138,2017/09/27,0.1
8141,2019/09/27,2.0
8142,2006/10/26,2.0
8142,2015/07/29,0.2
8142,2026/01/29,3.0
8143,2015/08/27,0.1
8144,2016/09/28,0.5
8152,2017/09/27,0.1
8154,2024/09/27,2.0
8159,2015/03/27,1.2
8173,2017/09/27,0.5
8174,2021/03/30,3.0
8179,2025/12/29,2.0
8181,2017/08/29,0.1
8194,2025/02/27,2.0
8198,2006/02/23,1.5
8202,2016/06/28,0.1
8209,2018/09/26,0.1
8209,2026/04/27,7.37571913261543e-07
8214,2013/12/26,2.0
8219,2026/03/30,3.0
8225,2017/09/27,0.1
8227,2024/02/19,2.0
8227,2026/02/19,3.0
8233,2018/08/29,0.5
8233,2024/08/29,2.0
8242,2014/08/27,0.5
8244,2017/08/29,0.1
8247,2017/08/29,0.2
8254,2017/08/29,0.1
8255,2024/03/28,4.0
8260,2016/08/29,0.1
8267,2004/08/17,2.0
8267,2025/08/28,3.0
8273,2007/02/23,2.0
8273,2026/02/26,3.0
8275,2015/08/27,2.0
8281,2006/03/28,1.5
8282,2006/03/28,1.2
8282,2010/03/29,1.2
8282,2016/05/27,2.0
8282,2018/03/28,2.0
8283,2011/12/28,1.5
8304,2017/09/27,0.1
8306,2007/10/01,1000.0
8308,2005/08/02,0.001
8308,2009/01/04,100.0
8309,2016/09/28,0.1
8309,2023/12/28,2.0
8316,2009/01/04,100.0
8316,2024/09/27,3.0
8336,2026/03/30,3.0
8341,2017/09/27,0.2
8341,2026/03/30,3.0
8341,2026/04/01,3.0
8343,2017/09/27,0.1
8344,2017/09/27,0.2
8345,2026/03/30,4.0
8349,2017/09/27,0.1
8354,2018/09/26,0.2
8360,2018/09/26,0.2
8361,2017/09/27,0.1
8362,2017/09/27,0.1
8365,2015/09/28,0.1
8366,2018/09/26,0.2
8366,2026/03/30,5.0
8367,2016/09/28,0.1
8367,2026/03/30,5.0
8370,2013/10/01,0.1
8377,2016/09/28,0.1
8383,2016/09/28,0.1
8386,2018/09/26,0.1
8386,2026/03/30,4.0
8387,2017/09/27,0.2
8388,2018/09/26,0.2
8392,2017/09/27,0.1
8392,2026/03/30,5.0
8393,2017/09/27,0.1
8393,2026/03/30,5.0
8395,2017/09/27,0.1
8410,2011/11/28,1000.0
8411,2009/01/04,1000.0
8411,2020/09/29,0.1
8416,2017/09/27,0.1
8421,2009/07/28,2.0
8424,2025/03/28,3.0
8425,2024/03/28,5.0
8439,2023/12/28,4.0
8473,2001/09/25,3.0
8473,2003/11/25,3.0
8473,2004/08/06,3.0
8473,2012/09/26,10.0
8473,2025/11/27,2.0
8508,2012/05/29,2.0
8518,2015/09/28,0.1
8522,2016/09/28,0.1
8522,2025/09/29,3.0
8537,2017/09/27,0.1
8541,2016/09/28,0.2
8542,2016/09/28,0.1
8544,2018/09/26,0.5
8558,2017/09/27,0.1
8562,2017/09/27,0.1
8563,2017/09/27,0.1
8570,2006/02/15,3.0
8572,2013/09/26,10.0
8584,2017/09/27,0.2
8585,2007/06/04,0.5
8585,2022/09/29,0.1
8591,2013/03/27,10.0
8593,2013/03/27,10.0
8595,2022/01/28,3.0
8617,2017/09/27,0.1
8628,2005/03/28,3.0
8630,2011/09/28,0.25
8630,2024/03/28,3.0
8697,2012/12/26,100.0
8697,2013/09/26,5.0
8697,2015/09/28,2.0
8697,2024/09/27,2.0
8698,2013/09/26,100.0
8700,2018/09/26,0.1
8704,2005/05/26,2.0
8704,2006/02/23,3.0
8704,2013/09/26,100.0
8704,2020/09/29,0.2
8713,2021/09/29,0.1
8714,2012/07/27,0.2
8715,2011/09/28,4.0
8715,2020/09/29,4.0
8725,2024/03/28,3.0
8737,2013/01/07,0.1
8737,2014/03/06,2.0
8739,2002/03/26,2.0
8739,2003/03/26,2.0
8739,2004/03/26,10.0
8739,2005/03/28,2.0
8739,2006/03/28,2.0
8739,2013/09/26,100.0
8739,2022/09/29,0.2
8746,2024/09/27,0.3333333333333333
8747,2006/09/26,2.0
8750,2013/09/26,100.0
8750,2025/03/28,4.0
8766,2006/09/29,500.0
8766,2022/09/29,3.0
8769,2013/09/26,50.0
8769,2017/03/29,2.0
8771,2011/03/29,200.0
8771,2013/02/26,2.0
8771,2018/03/13,2.0
8771,2018/08/13,2.0
8772,2007/06/26,3.0
8772,2013/09/26,100.0
8772,2018/06/27,3.0
8783,2013/03/27,100.0
8783,2016/08/29,3.0
8783,2024/04/26,0.1
8789,2005/10/26,3.0
8789,2006/09/26,5.0
8789,2014/03/27,100.0
8795,2011/09/28,2.0
8798,2011/09/28,100.0
8798,2021/03/30,2.0
8801,2024/03/28,3.0
8803,2012/09/26,0.2
8803,2025/06/27,2.0
8804,2015/06/26,0.5
8830,2025/12/29,2.0
8835,2017/09/27,0.1
8836,2011/05/13,0.1
8841,2005/05/26,2.05
8844,2009/11/06,0.1
8850,2004/03/26,1.5
8850,2006/03/28,2.0
8871,2001/06/26,1.5
8871,2006/03/28,2.0
8876,2017/03/29,10.0
8877,2005/06/27,1.2
8881,2001/09/25,1.5
8881,2013/11/27,2.0
8887,2001/05/28,2.0
8887,2001/11/27,5.0
8887,2011/11/28,2.0
8887,2013/11/27,100.0
8891,2013/09/26,100.0
8892,2002/04/24,2.0
8892,2003/12/25,3.0
8892,2006/03/28,3.0
8892,2012/11/28,100.0
8894,2002/08/27,1.1
8894,2003/08/26,2.0
8894,2004/08/26,2.0
8894,2005/12/28,3.0
8894,2009/01/05,100.0
8894,2024/10/17,0.1
8897,2013/06/26,4.0
8898,2007/03/27,5.0
8898,2013/03/27,100.0
8898,2014/12/26,5.0
8904,2003/08/26,2.0
8904,2004/08/26,2.0
8904,2005/02/23,2.0
8904,2013/02/26,100.0
8908,2017/05/29,2.0
8912,2003/06/25,2.0
8912,2004/06/25,2.0
8912,2013/01/29,100.0
8914,2003/12/25,2.0
8914,2004/05/26,4.0
8914,2005/05/26,2.0
8914,2006/06/27,4.0
8914,2013/06/26,100.0
8914,2016/06/28,0.1
8914,2024/06/27,2.0
8914,2025/10/30,2.0
8917,2004/04/26,2.0
8918,2009/06/30,100.0
8919,2020/03/30,2.0
8920,2017/09/27,2.0
8923,2013/06/26,100.0
8923,2025/11/27,2.0
8927,2005/07/26,2.0
8928,2004/12/27,2.0
8928,2005/09/27,3.0
8928,2013/03/27,2.0
8928,2016/12/28,0.1
8928,2019/12/27,2.0
8929,2004/12/27,3.0
8929,2005/10/26,2.0
8929,2006/10/26,2.0
8929,2007/09/25,2.0
8929,2013/12/26,100.0
8929,2021/08/30,2.0
8931,2006/02/23,2.0
8934,2013/09/26,100.0
8935,2013/07/29,2.0
8938,2012/09/26,100.0
8938,2016/12/13,2.0
8944,2007/03/27,2.0
8944,2013/03/27,100.0
8945,2005/11/25,3.0
8945,2010/09/28,100.0
8945,2012/04/25,2.0
8945,2016/09/28,2.0
8946,2006/03/28,4.0
8946,2012/12/26,100.0
8995,2013/03/27,100.0
8999,2012/03/28,100.0
8999,2013/03/27,3.0
9001,2017/09/27,0.2
9003,2017/09/27,0.2
9005,2017/07/27,0.5
9006,2017/09/27,0.5
9007,2016/09/28,0.5
9008,2017/09/27,0.2
9008,2026/03/30,5.0
9009,2016/09/28,0.5
9009,2024/12/27,3.0
9010,2017/09/27,0.5
9012,2017/09/27,0.1
9017,2017/09/27,0.1
9020,2009/01/04,100.0
9020,2024/03/28,3.0
9021,2011/06/28,100.0
9021,2024/03/28,2.0
9022,2012/09/26,100.0
9022,2023/09/28,5.0
9025,2015/03/27,2.0
9028,2006/05/26,3.0
9029,2015/02/25,2.0
9031,2017/09/27,0.2
9033,2017/08/29,0.5
9034,2023/12/28,2.0
9037,2015/08/27,2.0
9037,2024/09/27,4.0
9039,2015/12/28,2.0
9039,2023/09/28,2.0
9041,2017/09/27,0.1
9042,2016/07/27,0.2
9044,2017/09/27,0.2
9045,2017/09/27,0.2
9046,2017/09/27,0.1
9048,2017/09/27,0.2
9049,2017/09/27,0.1
9052,2017/09/27,0.2
9059,2023/06/29,2.0
9060,2017/09/27,0.1
9063,2018/09/26,0.1
9065,2017/09/27,0.2
9068,2018/09/26,0.2
9072,2024/09/27,2.0
9074,2016/09/28,0.1
9075,2017/09/27,0.2
9081,2017/09/27,0.2
9082,2017/09/27,0.5
9083,2017/09/27,0.2
9083,2025/09/29,2.0
9087,2017/09/27,0.1
9087,2024/09/27,2.0
9090,2014/09/26,2.0
9090,2015/09/28,2.0
9090,2017/09/27,2.0
9090,2019/09/27,2.0
9090,2020/12/29,2.0
9101,2017/09/27,0.1
9101,2022/09/29,3.0
9104,2017/09/27,0.1
9104,2022/03/30,3.0
9107,2017/09/27,0.1
9107,2022/09/29,3.0
9107,2024/03/28,3.0
9110,2017/09/27,0.1
9127,2018/09/26,0.1
9130,2017/09/27,0.1
9130,2019/12/27,2.0
9143,2020/10/29,2.0
9145,2025/09/29,4.0
9147,2024/12/27,3.0
9166,2024/05/30,2.0
9166,2025/03/28,2.0
9173,2017/06/28,0.1
9201,2014/09/26,2.0
9202,2017/09/27,0.1
9206,2012/05/29,2.0
9211,2022/11/29,2.0
9211,2024/03/28,2.0
9221,2023/03/30,2.0
9223,2024/03/28,2.0
9229,2023/03/30,3.0
9235,2025/02/27,2.0
9237,2025/10/30,2.0
9238,2024/03/14,2.0
9249,2025/03/28,3.0
9252,2025/08/07,0.8333333333333334
9262,2018/04/25,2.0
9262,2019/09/27,2.0
9267,2015/08/27,2.0
9267,2017/04/05,2.0
9267,2017/04/06,2.0
9267,2024/06/19,2.0
9268,2022/03/30,3.0
9268,2024/03/28,4.0
9270,2019/08/29,2.0
9272,2021/05/28,2.0
9272,2023/05/30,2.0
9273,2018/11/01,3.0
9273,2020/11/04,2.0
9273,2021/04/28,2.0
9279,2020/03/17,2.0
9279,2023/07/28,2.0
9301,2017/09/27,0.5
9301,2024/10/30,5.0
9302,2018/09/26,0.2
9302,2025/04/28,3.0
9303,2018/09/26,0.5
9304,2017/09/27,0.2
9304,2025/09/29,4.0
9305,2016/09/28,0.1
9305,2025/05/29,2.0
9306,2023/09/28,0.2
9311,2017/09/27,0.1
9312,2017/09/27,0.1
9313,2016/05/27,0.5
9325,2017/09/27,2.0
9325,2018/09/26,2.0
9326,2021/08/30,3.0
9332,2018/08/17,2.0
9332,2019/04/24,2.0
9338,2023/03/30,5.0
9340,2024/12/27,2.0
9343,2025/09/29,5.0
9345,2025/09/29,2.0
9347,2015/09/28,2.0
9351,2017/09/27,0.1
9353,2018/09/26,0.1
9355,2017/09/27,0.1
9360,2017/09/27,0.2
9361,2016/12/28,0.2
9362,2017/09/27,0.1
9363,2017/09/27,0.1
9364,2017/09/27,0.5
9365,2017/09/27,0.1
9366,2020/09/29,2.0
9368,2022/06/29,2.0
9368,2025/03/28,2.0
9369,2021/11/29,2.0
9376,2004/03/26,3.0
9376,2005/03/28,3.0
9376,2014/03/27,100.0
9381,2010/02/24,200.0
9381,2013/02/26,2.0
9381,2013/10/29,2.0
9399,2024/03/27,0.01
9399,2025/10/24,10.0
9404,2012/09/26,10.0
9405,2010/06/28,10.0
9409,2012/09/26,100.0
9412,2007/04/02,4.0
9412,2013/09/26,100.0
9414,2014/07/29,2.0
9416,2017/06/28,2.0
9416,2019/09/27,3.0
9417,2015/09/28,2.0
9417,2017/12/27,2.0
9417,2018/06/27,2.0
9418,2015/08/27,3.0
9418,2024/11/28,3.0
9419,2013/08/28,2.0
9419,2013/12/26,2.0
9421,2013/09/26,100.0
9421,2018/03/28,2.0
9423,2006/03/28,3.0
9423,2013/09/26,100.0
9424,2009/06/25,5.0
9424,2014/03/27,100.0
9425,2013/10/29,100.0
9432,2009/01/04,100.0
9432,2015/06/26,2.0
9432,2019/12/27,2.0
9432,2023/06/29,25.0
9433,2012/09/26,100.0
9433,2013/03/27,2.0
9433,2015/03/27,3.0
9433,2025/03/28,2.0
9434,2024/09/27,10.0
9436,2004/09/27,2.0
9436,2005/07/26,2.0
9436,2012/09/26,100.0
9436,2022/09/29,2.0
9436,2025/09/29,2.0
9438,2008/03/26,2.0
9438,2013/03/27,100.0
9438,2014/03/27,2.0
9438,2015/03/27,2.0
9439,2000/06/27,2.0
9439,2003/12/25,10.0
9439,2013/06/26,100.0
9441,2001/12/25,3.0
9441,2003/12/25,3.0
9441,2012/12/26,100.0
9441,2021/12/29,3.0
9444,2005/04/25,3.0
9444,2005/10/26,4.0
9444,2006/04/25,2.0
9444,2013/10/29,10.0
9445,2005/03/28,3.0
9445,2006/09/26,2.0
9445,2013/09/26,100.0
9446,2004/03/26,3.0
9446,2010/05/27,500.0
9449,2004/06/25,2.0
9450,2018/08/29,2.0
9450,2019/08/29,2.0
9466,2016/09/28,2.0
9467,2018/06/27,2.0
9467,2024/12/27,3.0
9468,2021/12/29,2.0
9470,2017/03/29,0.1
9470,2020/03/30,4.0
9474,2018/03/28,1.5
9478,2005/03/28,10.0
9478,2012/09/26,100.0
9511,2005/03/28,1.05
9511,2007/03/27,1.1
9511,2015/05/27,1.5
9511,2016/05/27,1.5
9511,2017/05/29,1.1
9511,2018/05/29,1.25
9511,2020/05/28,1.05
9513,2006/02/23,1.2
9514,2013/12/26,100.0
9514,2018/06/27,1.2
9517,2017/03/02,3.0
9519,2018/04/25,2.0
9519,2018/08/29,2.0
9531,2017/09/27,0.2
9532,2017/09/27,0.2
9533,2017/09/27,0.2
9533,2026/03/30,4.0
9534,2018/09/26,0.2
9534,2024/09/27,5.0
9536,2017/09/27,0.1
9537,2016/09/28,0.1
9539,2018/06/27,0.2
9539,2024/12/27,3.0
9551,2020/09/29,2.0
9552,2023/07/11,3.0
9553,2023/09/28,3.0
9556,2025/08/28,2.0
9560,2023/06/29,3.0
9562,2026/03/30,3.0
9564,2024/03/28,3.0
9564,2025/03/28,2.0
9601,2017/08/29,0.1
9602,2002/02/25,10.0
9602,2026/02/26,5.0
9603,2014/04/25,2.0
9605,2017/09/27,0.1
9605,2024/03/28,5.0
9616,2002/03/26,1.3
9616,2006/09/26,1.2
9616,2015/03/27,1.2
9616,2017/03/29,2.0
9616,2024/03/28,2.0
9621,2024/12/27,2.0
9622,2003/12/25,1.2
9622,2005/12/27,1.5
9622,2017/12/27,1.1
9625,2016/09/28,0.5
9625,2020/03/30,2.0
9627,2014/09/26,2.0
9628,2019/09/27,2.0
9628,2023/09/28,2.0
9629,2021/09/29,3.0
9632,2017/07/27,0.1
9632,2024/01/30,5.0
9633,2017/09/27,0.1
9635,2017/09/27,0.1
9636,2013/05/29,0.1
9639,2005/09/27,2.0
9639,2017/09/27,0.5
9639,2024/09/27,2.0
9640,2005/09/27,2.0
9644,2021/09/29,2.0
9644,2025/03/28,2.0
9647,2017/05/29,0.1
9651,2017/11/28,2.0
9658,2020/06/29,2.0
9658,2026/03/30,3.0
9672,2017/06/28,0.1
9679,2017/03/29,0.1
9679,2025/03/28,3.0
9682,2007/09/25,2.0
9682,2019/06/26,2.0
9682,2025/09/29,4.0
9684,2001/09/25,1.5
9684,2025/09/29,3.0
9692,2018/07/27,2.0
9697,2018/03/28,2.0
9697,2021/03/30,2.0
9697,2024/03/28,2.0
9701,2016/09/28,0.1
9702,2020/12/29,2.0
9704,2007/06/01,0.3333333333333333
9708,2013/09/26,2.0
9708,2023/09/28,2.0
9713,2017/09/27,0.1
9715,2006/03/28,2.0
9716,2019/05/29,2.0
9720,2015/05/27,0.2
9722,2017/06/28,0.1
9722,2025/12/29,5.0
9726,2017/09/27,0.1
9729,2017/12/27,2.0
9731,2016/06/28,0.1
9733,2023/03/30,3.0
9735,2024/09/27,2.0
9739,2002/03/26,2.0
9743,2015/07/29,1.5
9744,2022/06/29,3.0
9746,2021/03/30,2.0
9757,2004/12/27,2.0
9757,2005/12/27,1.5
9757,2015/12/28,1.2
9757,2017/12/27,1.5
9757,2025/12/29,2.0
9759,2007/03/27,2.0
9759,2015/02/25,1.1
9759,2019/12/27,2.0
9761,2017/09/27,0.1
9763,2018/09/26,0.1
9763,2026/03/30,3.0
9767,2018/09/26,0.1
9769,2015/03/27,2.0
9778,2017/08/29,0.1
9780,2001/03/27,1.1
9780,2017/09/27,0.2
9780,2022/09/29,2.0
9780,2024/03/28,5.0
9788,2013/03/27,2.0
9788,2024/01/30,2.0
9790,2014/09/26,2.0
9793,2001/02/23,1.1
9793,2003/02/24,1.1
9793,2005/02/23,1.2
9793,2006/02/23,1.2
9793,2007/02/23,1.2
9793,2008/02/26,1.1
9793,2021/08/30,1.2
9799,2024/09/27,2.0
9816,2017/09/27,0.1
9820,2017/09/27,0.1
9823,2025/09/29,5.0
9824,2022/10/28,2.0
9828,2023/10/30,2.0
9830,2016/12/28,2.0
9831,2002/09/25,3.0
9831,2013/09/26,10.0
9832,2013/03/27,3.0
9835,2016/08/29,0.4
9837,2014/06/26,2.0
9842,2016/02/17,2.0
9843,2006/02/15,2.0
9843,2014/02/18,2.0
9843,2025/09/29,5.0
9845,2006/09/26,2.0
9849,2018/09/26,0.1
9856,2006/03/28,2.0
9856,2014/05/28,2.0
9861,2013/08/28,100.0
9867,2015/09/28,0.1
9878,2018/09/18,0.1
9882,2019/03/27,2.0
9882,2025/03/28,2.0
9889,2025/03/28,4.0
9895,2006/03/28,2.0
9895,2018/09/26,0.1
9902,2017/09/27,2.0
9903,2017/08/29,0.5
9908,2021/12/29,1.5
9914,2018/09/18,0.5
9927,2018/09/26,0.1
9927,2022/03/30,2.0
9927,2023/03/30,4.0
9932,2024/09/27,2.0
9934,2019/11/28,2.0
9934,2025/11/27,2.0
9936,2024/09/27,3.0
9941,2017/03/29,0.1
9948,2005/02/23,1.1
9950,2016/09/15,0.2
9956,2005/09/27,1.2
9956,2006/03/28,2.0
9959,2015/09/28,2.0
9960,2008/01/28,2.0
9960,2024/03/28,3.0
9962,2004/03/26,1.5
9962,2006/03/28,2.0
9962,2015/06/26,3.0
9976,2018/08/16,0.5
9980,2004/11/25,3.0
9982,2004/06/25,2.0
9982,2005/11/25,1.5
9982,2017/08/29,0.2
9983,2000/08/28,2.0
9983,2002/02/25,2.0
9983,2023/02/27,3.0
9984,2005/12/28,3.0
9984,2019/06/25,2.0
9984,2025/12/29,4.0
9987,2015/03/27,1.1
9989,2004/09/27,2.0
9989,2006/03/28,2.0
9989,2017/03/29,2.0
9990,2006/06/27,2.0
9990,2014/09/26,1.5
9994,2012/01/27,1.1
